sample_index,B,Cu,Zn,Fe,S,Mn
0,0.8,2.1,5.0,186.6,12.0786403063,110.7
1,0.6000000000000001,3.5,7.3,255.6,12.1996729487,75.7
2,0.5,2.1,2.3,204.0,65.8820130951,87.1
3,0.8,1.9,3.3,165.6,31.942711893,56.0
4,0.5,2.4,5.8,419.9,35.9706981093,65.1
5,1.0,2.3,3.9,133.9,10.4622996448,75.4
6,1.1,2.6,6.7,223.8,37.9811354877,91.4
7,0.6000000000000001,2.3,7.6,374.0,11.1508777675,61.7
8,1.1,2.6,4.4,185.4,17.6010684243,91.3
9,1.2,2.1,8.7,146.9,25.3842975289,77.0
10,1.0,3.1,5.3,217.5,32.8694050089,61.2
11,0.6000000000000001,2.3,3.1,203.5,29.489462644,103.9
12,0.6000000000000001,2.6,3.9,214.7,34.4858690358,131.3
13,0.4,2.0,2.7,199.1,30.8267241228,87.1
14,1.1,2.6,4.3,223.1,32.5714661871,76.5
15,0.9,2.2,5.2,195.9,29.3481215959,53.7
16,0.8,2.6,3.8,201.0,29.6111930311,119.3
17,0.4,2.4,2.7,249.8,16.0393506163,93.6
18,0.8,2.0,4.1,186.1,33.1248462268,59.0
19,1.0,2.9,6.6,267.2,36.1362140429,76.0
20,0.9,3.1,7.1,274.8,20.7718691196,75.2
21,1.1,2.5,2.8,169.1,17.7769203965,78.8
22,0.7000000000000001,3.8,7.5,344.2,38.3335834311,69.7
23,1.0,1.8,3.9,151.0,16.4186527198,87.1
24,0.9,2.2,3.7,197.7,15.1079953517,96.5
25,0.7000000000000001,2.0,2.1,241.0,51.9252391501,56.0
26,0.7000000000000001,2.6,3.2,191.6,62.6701879226,94.3
27,1.1,2.6,5.1,175.1,20.4671591178,83.3
28,1.0,2.1,3.6,189.6,14.6279078092,87.8
29,0.9,2.5,6.6,236.5,14.6574670446,71.7
30,0.9,2.2,5.9,139.9,24.2754709633,87.4
31,1.2,2.6,5.5,237.4,37.2107340986,90.0
32,0.6000000000000001,3.6,7.0,284.7,19.6622517203,60.9
33,0.5,2.1,3.1,202.4,25.9942660955,92.5
34,0.7000000000000001,2.2,5.2,230.4,15.7644361936,148.1
35,0.7000000000000001,2.4,2.7,173.1,29.7705087803,74.6
36,0.7000000000000001,3.1,4.4,173.8,37.6360900057,107.9
37,0.8,3.0,3.1,205.0,30.0053267559,128.6
38,0.6000000000000001,2.7,2.6,188.9,43.1764037049,75.4
39,1.1,2.1,5.5,191.9,18.8975634109,84.3
40,0.5,2.2,3.6,224.4,36.8055941085,94.8
41,0.8,2.5,3.7,187.3,45.2964917188,109.0
42,0.5,2.9,5.9,270.2,42.3059103213,86.0
43,1.0,2.3,5.4,274.5,10.5105758303,136.7
44,0.4,1.9,2.8,188.9,27.6638903955,92.8
45,1.0,2.5,5.1,182.5,9.9039576816,65.2
46,0.7000000000000001,2.6,2.8,168.1,25.3071718673,127.2
47,0.5,1.9,2.7,215.5,28.6234584805,85.1
48,1.2,2.1,4.5,153.3,17.4419364077,80.2
49,0.8,2.9,5.6,319.5,12.8013237604,64.7
50,0.7000000000000001,2.3,3.1,216.9,28.8955309585,87.7
51,1.3,2.3,3.4,166.3,21.8479610101,87.7
52,0.8,2.8,3.3,193.5,29.8347130838,81.8
53,1.0,2.5,5.6,196.5,24.9840496294,115.5
54,0.9,2.7,4.5,208.4,51.0646520707,67.8
55,0.7000000000000001,3.2,7.4,297.5,10.8997149696,66.8
56,0.9,3.1,10.2,284.5,22.804064863,55.8
57,0.6000000000000001,2.8,7.9,381.7,16.353766318,61.3
58,0.7000000000000001,2.8,9.3,238.8,53.8080972014,88.1
59,0.9,2.0,3.5,147.8,11.0402158441,61.4
60,0.4,2.9,3.5,197.5,66.8977601101,69.3
61,1.3,3.0,5.2,295.5,34.0597934552,129.5
62,0.7000000000000001,2.5,3.2,178.8,34.0064266105,89.8
63,1.2,2.5,5.6,179.4,21.5242649171,87.1
64,0.5,3.5,3.8,236.9,54.1539847378,93.5
65,0.6000000000000001,2.9,7.1,279.7,15.5904412059,88.9
66,1.1,2.4,4.9,146.4,23.1728421828,85.3
67,0.9,1.6,3.5,160.3,10.9258685675,78.7
68,1.1,2.3,6.4,147.9,20.2170068293,83.1
69,0.9,2.1,3.8,159.4,25.2653945738,65.8
70,0.7000000000000001,2.6,3.4,222.6,28.9068192681,104.5
71,0.6000000000000001,1.7000000000000002,1.6,130.2,16.0902856572,61.0
72,0.7000000000000001,1.9,4.5,174.2,14.6270209297,136.4
73,1.0,2.5,6.6,200.9,44.8216450311,80.8
74,0.7000000000000001,3.4,8.5,179.2,25.6924141353,77.0
75,0.8,2.4,4.1,252.2,14.2665533418,104.1
76,1.2,2.8,6.3,364.6,24.5808219692,74.7
77,0.7000000000000001,1.6,3.3,159.5,15.2769319174,73.5
78,0.7000000000000001,2.6,4.2,244.1,19.3970044867,106.5
79,1.3,2.9,7.9,221.8,38.9186203164,82.6
80,1.1,2.8,8.2,348.4,32.7436089547,94.7
81,0.6000000000000001,1.9,2.0,241.6,24.663064711,69.4
82,0.8,3.1,3.2,188.6,19.8898075479,80.2
83,0.6000000000000001,2.3,2.8,211.7,30.4051514938,99.2
84,0.8,3.1,3.8,198.9,48.658027246,104.2
85,0.6000000000000001,2.7,7.9,291.7,14.0450855423,65.4
86,0.8,2.7,4.4,241.0,51.4793774284,124.6
87,0.8,2.9,3.5,184.5,64.43661789,103.1
88,1.3,2.9,10.1,179.1,27.7408799863,97.9
89,0.6000000000000001,1.9,2.1,183.8,27.0945136538,82.1
90,0.9,2.6,3.7,219.8,45.3801934299,61.2
91,0.6000000000000001,2.4,7.0,221.0,11.9922083878,75.1
92,0.6000000000000001,2.4,2.4,203.9,31.7828787664,90.9
93,1.1,2.7,5.1,218.3,26.178194899,82.9
94,0.9,2.1,8.4,279.1,17.1009533963,79.6
95,0.9,2.5,5.3,271.1,19.4643292584,80.2
96,0.9,3.0,4.0,429.3,27.9701623344,49.7
97,0.7000000000000001,2.3,3.2,174.2,26.1506240717,102.9
98,0.6000000000000001,2.5,2.7,207.2,39.7469646265,79.2
99,0.9,2.8,5.3,205.5,35.221469012,120.3
100,0.9,2.2,4.9,200.1,20.5389968462,85.2
101,0.8,1.9,4.0,175.2,12.1710609841,102.7
102,0.6000000000000001,1.9,1.5,169.5,15.9723732105,55.3
103,0.5,2.3,6.7,209.9,10.7890745472,70.8
104,1.2,2.5,4.7,181.6,23.8091907633,113.0
105,1.1,2.7,4.2,175.1,12.7785627414,68.4
106,1.3,2.7,6.5,266.8,25.4661440245,135.9
107,0.8,2.3,3.6,251.7,38.475427953,121.4
108,1.0,1.9,4.1,179.6,11.1350362949,102.0
109,0.8,2.1,4.9,189.8,15.5190930035,113.3
110,1.0,2.4,4.5,236.7,13.0596537579,150.5
111,1.3,2.6,6.7,154.9,18.0797869981,107.9
112,0.7000000000000001,2.9,4.0,179.6,27.1924119457,84.5
113,0.9,2.1,3.7,142.0,30.2965201474,95.4
114,0.6000000000000001,3.7,3.3,198.7,40.444895897,96.2
115,0.8,3.0,4.6,198.4,41.5372321841,96.4
116,1.1,2.4,3.9,178.4,13.4064887695,61.4
117,0.7000000000000001,1.8,7.9,313.0,19.1510658248,79.7
118,0.8,3.5,8.3,200.7,22.3007670034,69.9
119,0.4,2.0,4.0,297.9,8.1755290822,33.4
120,1.1,2.7,6.9,193.3,33.133786737,108.7
121,1.1,2.5,5.9,175.9,18.7366498613,82.1
122,1.1,2.6,8.6,172.3,19.6887608737,102.0
123,0.6000000000000001,2.6,3.4,341.5,29.1859557913,126.9
124,0.8,2.8,4.3,220.9,19.5972191055,64.8
125,0.7000000000000001,2.1,4.7,197.0,10.9861465712,103.1
126,1.0,2.5,2.7,216.7,27.0065454547,77.3
127,1.2,2.6,4.3,147.0,20.1391672894,108.0
128,1.1,3.2,6.6,262.5,27.0196036327,82.9
129,1.0,2.5,4.2,185.9,12.7740716602,61.9
130,0.7000000000000001,2.7,3.9,210.8,51.4859659373,93.2
131,0.6000000000000001,2.0,2.0,190.9,29.1598752178,80.3
132,0.6000000000000001,2.2,4.0,195.3,19.843657109,109.6
133,1.2,3.1,5.5,296.6,26.4420248213,111.9
134,0.9,2.2,8.2,265.0,11.5754803735,82.6
135,0.6000000000000001,2.8,10.4,377.7,12.9529066252,59.6
136,0.9,2.2,8.4,273.3,14.4218854774,77.7
137,1.1,2.4,5.9,198.2,29.8234171538,89.6
138,0.7000000000000001,2.7,3.6,209.2,35.7752270909,108.0
139,0.9,2.2,4.5,205.8,8.4616362412,133.2
140,1.0,4.3,7.3,288.2,15.328231606,99.6
141,0.8,2.4,5.8,221.6,13.334362409,55.9
142,0.8,2.6,3.7,193.4,23.8464808806,112.7
143,0.7000000000000001,2.3,3.4,238.0,94.1735396673,155.4
144,0.6000000000000001,2.7,2.7,198.2,27.9148708713,93.4
145,0.8,2.7,5.1,285.6,31.653673991,87.3
146,0.8,2.5,4.1,212.3,10.3817012579,63.4
147,1.1,3.1,2.2,198.7,20.5200151101,85.8
148,1.0,2.6,3.6,186.9,31.0181512265,85.7
149,0.9,4.3,14.3,276.7,21.0378804504,102.9
150,0.5,2.3,6.6,228.0,9.7451999736,73.6
151,0.4,2.3,3.1,226.4,22.4295853221,90.3
152,0.8,3.0,4.5,257.1,27.8288700718,76.5
153,0.8,2.7,2.3,217.7,33.859895496600004,80.8
154,0.8,2.1,5.1,184.7,12.7774722142,97.4
155,1.1,2.8,5.7,234.1,21.4424477036,70.6
156,0.7000000000000001,2.0,8.1,320.9,27.1668103871,82.2
157,1.2,2.5,4.9,163.0,17.0747789398,94.6
158,0.7000000000000001,1.9,2.1,172.2,17.5056988256,69.0
159,1.2,2.6,4.3,186.2,18.7811968482,100.3
160,0.7000000000000001,1.9,3.3,179.2,14.4039154329,96.0
161,1.1,2.6,4.9,176.9,27.881742249,84.6
162,0.9,2.7,5.7,279.1,13.1354963716,129.3
163,0.9,2.4,3.9,181.7,10.5500438487,58.2
164,1.0,2.6,5.3,185.2,22.9320330771,83.9
165,0.8,2.6,2.7,180.5,31.7290768499,113.7
166,0.7000000000000001,2.1,1.8,208.2,25.6731698648,63.0
167,1.3,3.6,8.5,277.3,34.9653044924,95.4
168,1.2,2.7,4.3,177.1,25.7446058803,85.7
169,0.9,2.7,4.1,171.2,8.981353388,67.4
170,0.5,1.7000000000000002,1.7000000000000002,177.9,26.6332754555,73.4
171,1.1,2.6,4.8,179.0,27.0745872867,86.5
172,0.7000000000000001,2.6,3.1,189.5,31.4116823523,86.4
173,1.1,2.7,5.0,347.6,36.0896888563,52.7
174,1.1,2.4,3.5,119.4,13.2275994011,74.2
175,0.8,2.3,5.5,229.4,14.0364594396,79.3
176,0.9,1.8,3.6,182.5,11.550269426,100.9
177,1.2,2.4,7.7,154.7,28.291143419,91.3
178,0.6000000000000001,2.1,2.8,193.3,24.6173263678,77.0
179,1.2,2.7,3.7,118.0,14.0168143317,75.0
180,0.6000000000000001,2.0,1.8,152.1,27.715793116,69.0
181,1.2,2.6,4.0,155.5,16.0906157273,91.9
182,0.9,3.1,5.4,196.8,15.0399242904,76.1
183,0.7000000000000001,2.5,3.9,201.1,41.5575127298,122.6
184,0.8,2.5,6.1,248.6,13.8832322218,61.4
185,0.4,2.7,5.6,260.7,22.7490642395,72.9
186,1.2,2.2,3.7,132.2,9.3700123102,67.9
187,1.0,2.7,3.8,179.9,30.6862712102,106.9
188,0.7000000000000001,3.0,4.1,219.6,57.0305039268,83.8
189,0.7000000000000001,2.1,2.1,223.9,30.9495348484,79.2
190,0.4,2.6,4.2,231.0,46.5177259934,89.8
191,0.8,2.3,6.0,202.1,15.8491705159,130.6
192,1.2,2.6,5.9,147.3,32.0156167463,104.2
193,0.7000000000000001,2.0,4.9,171.7,9.3570451497,93.2
194,0.9,3.4,4.9,213.8,42.5109920272,108.4
195,1.1,2.3,6.7,172.5,17.0043128884,92.7
196,1.1,2.7,6.6,221.6,44.6753354703,90.8
197,1.1,3.5,6.5,367.6,40.3313367659,99.2
198,0.8,2.4,6.4,230.1,12.7093957712,72.3
199,0.9,3.1,6.9,248.4,67.6830701678,71.8
200,1.1,2.5,6.1,209.8,34.3195244039,75.8
201,1.2,2.5,4.8,157.6,24.236944282,80.2
202,0.5,2.2,6.4,221.9,10.2334218639,70.0
203,1.0,2.5,5.9,199.4,29.7671864308,59.2
204,0.9,2.3,5.5,189.7,31.1148974764,59.5
205,1.2,2.7,5.0,169.4,23.5048242153,103.0
206,0.6000000000000001,3.4,5.5,252.3,67.0949365051,79.4
207,1.0,4.2,7.6,234.9,28.5196715323,69.6
208,0.9,2.4,5.6,182.1,40.007464109,96.2
209,0.4,2.5,2.0,178.2,23.2280973829,97.1
210,0.7000000000000001,2.6,7.1,290.1,20.5484835041,87.7
211,0.8,2.0,7.7,268.8,10.9366984741,74.2
212,1.1,2.3,5.0,135.9,26.5447838676,83.1
213,0.8,2.8,3.4,282.2,29.267982757,125.2
214,1.1,3.4,4.6,238.0,35.9780847187,126.3
215,0.7000000000000001,3.1,3.6,249.8,30.4833393783,118.4
216,1.2,4.2,6.7,205.0,27.1786621178,163.4
217,1.1,2.3,5.6,165.3,36.093845395,87.3
218,0.9,1.9,3.8,177.1,9.5335395071,94.7
219,1.2,2.6,6.4,182.6,17.8132419627,89.8
220,0.4,1.9,2.4,183.1,20.141703661,81.6
221,1.0,2.6,3.9,160.4,13.2435602047,60.7
222,0.9,3.8,6.8,185.5,17.0648187159,68.8
223,1.2,2.6,3.7,114.1,11.7688065516,75.4
224,0.6000000000000001,2.8,10.4,377.7,12.9529066252,59.6
225,0.9,2.6,3.9,199.9,21.2796400462,90.8
226,1.2,3.1,9.7,240.5,25.6630117884,113.1
227,1.2,2.5,6.8,162.4,20.5145503428,99.9
228,1.1,2.3,2.9,200.5,24.9788061267,86.5
229,0.8,2.7,3.7,196.6,21.51264352,91.8
230,0.8,2.4,3.9,231.5,23.3373736855,78.6
231,1.2,2.1,3.4,159.1,19.2423403759,115.9
232,0.7000000000000001,2.7,2.7,259.8,21.7876640772,105.2
233,0.6000000000000001,2.3,6.0,231.1,8.0132089566,61.8
234,0.8,2.6,5.1,242.2,10.5918128657,68.0
235,0.9,3.4,10.7,284.0,23.1528557647,61.5
236,0.6000000000000001,2.1,6.0,240.5,11.3425575759,65.3
237,1.0,2.6,3.9,183.6,10.542175974100001,65.0
238,0.7000000000000001,1.8,4.7,243.7,10.2946480994,72.0
239,1.2,2.7,5.5,175.7,25.6737241537,96.2
240,0.5,2.3,5.8,417.1,13.1058023679,51.0
241,0.8,2.4,4.5,180.1,19.5998096748,59.8
242,0.4,2.2,2.8,212.5,15.5508543062,83.6
243,1.2,2.7,8.9,153.6,18.6813342622,76.2
244,1.1,2.4,7.6,148.6,25.728854789,101.6
245,0.9,3.6,10.9,419.3,27.3474072447,69.2
246,0.5,2.2,2.5,195.1,83.5196695654,163.4
247,1.1,2.7,5.6,138.2,29.7999572745,92.4
248,1.2,2.7,5.0,201.0,26.7055060302,88.8
249,0.8,2.1,4.0,195.7,48.2592335279,56.9
250,0.7000000000000001,2.0,7.6,293.4,19.2259546284,80.7
251,0.6000000000000001,2.7,3.5,168.1,24.5790605838,94.1
252,0.5,2.0,6.3,300.0,6.7133779365,52.5
253,1.2,2.6,8.4,220.7,35.1707059818,90.5
254,0.7000000000000001,2.6,3.6,199.6,43.4974588614,85.2
255,0.7000000000000001,2.4,2.6,197.8,30.9529148876,92.3
256,1.3,2.9,4.2,223.7,22.8964887552,112.2
257,1.2,2.1,3.3,142.9,25.0221208976,73.3
258,0.7000000000000001,2.4,3.8,229.5,21.7758478695,123.4
259,1.0,2.1,3.6,166.8,20.6616645339,89.8
260,0.8,2.7,3.7,231.4,40.4968838348,123.3
261,1.1,2.7,6.4,141.0,23.5120885918,96.6
262,0.6000000000000001,2.2,2.4,177.7,54.6058196395,81.5
263,1.2,2.5,7.6,237.1,45.1874788111,111.9
264,0.6000000000000001,3.3,7.1,275.0,31.5269295946,89.6
265,0.8,2.3,4.0,193.8,13.5250465914,66.5
266,0.8,2.7,4.2,200.5,40.5658860316,112.1
267,0.7000000000000001,2.4,5.4,302.0,18.0633721888,63.5
268,0.9,2.4,6.2,139.7,24.1344164828,87.8
269,1.1,2.1,4.5,145.4,13.2551102138,94.1
270,0.7000000000000001,3.3,5.8,191.4,19.9309072732,78.7
271,0.8,2.9,3.5,197.1,31.7519252052,102.0
272,0.7000000000000001,2.2,2.0,149.6,14.2312197305,70.5
273,1.1,2.2,8.4,146.1,24.1649863623,82.9
274,0.8,3.1,7.2,249.6,42.7969196612,102.7
275,1.0,2.9,7.0,241.7,41.5769448685,94.5
276,0.8,1.9,4.1,205.6,12.6067648657,127.5
277,0.9,2.5,4.9,179.2,28.4273716506,105.7
278,0.5,3.7,10.4,188.2,23.2617104039,90.5
279,0.8,2.3,6.6,250.2,12.8140881209,87.2
280,0.5,2.6,3.3,226.0,24.1113514352,79.2
281,1.1,2.5,3.5,111.5,13.0050152124,73.2
282,0.6000000000000001,1.9,3.3,189.3,19.8586352057,91.5
283,1.0,3.9,4.0,195.9,21.0149784309,92.6
284,1.2,2.3,5.7,134.1,13.4211122861,111.7
285,0.8,3.4,8.1,178.1,26.5946536436,106.7
286,0.9,2.7,4.4,227.1,11.2289691091,72.5
287,1.1,2.6,7.0,159.6,21.9581100781,71.8
288,1.2,2.3,4.9,138.5,23.6912884624,84.7
289,0.7000000000000001,3.1,4.2,205.2,35.5119552317,111.4
290,0.8,3.7,2.1,232.9,28.8176955904,94.2
291,1.0,3.0,5.6,206.4,24.4880863721,104.7
292,0.9,2.8,6.0,233.5,49.5881343793,73.7
293,0.9,2.2,4.3,152.1,24.4524860252,83.8
294,0.8,2.5,7.1,280.3,13.624879718,76.2
295,0.5,2.8,7.4,429.3,62.4250766633,79.6
296,0.6000000000000001,3.0,2.4,177.2,31.3832609428,57.2
297,1.3,4.1,9.8,253.4,33.8492170061,119.9
298,0.8,2.4,3.3,167.1,23.4731060107,73.4
299,0.8,2.6,2.5,165.3,44.9229728851,85.5
300,0.7000000000000001,2.4,2.9,225.5,22.1041537918,79.4
301,0.7000000000000001,2.1,2.5,179.6,31.5217784436,77.4
302,0.8,3.1,4.3,206.9,36.0148377113,103.9
303,0.8,2.3,6.2,244.8,10.6404704748,74.6
304,0.9,2.8,4.6,230.2,9.4895664636,71.1
305,0.8,2.3,3.5,162.2,21.707492522,58.0
306,0.5,2.5,2.1,209.0,16.9748873375,74.0
307,0.7000000000000001,2.5,2.7,199.0,46.4039712699,89.3
308,1.1,3.0,4.0,167.0,35.8422330651,157.9
309,0.5,2.4,5.2,308.6,9.1030418799,29.9
310,0.8,2.4,7.0,246.1,12.8714864259,53.1
311,1.2,3.5,8.1,288.6,23.4234911378,97.7
312,0.8,2.3,5.3,219.5,14.095791392,107.6
313,0.5,2.8,5.2,271.6,14.5330606261,45.5
314,0.8,2.3,7.9,324.1,14.6107961331,78.0
315,0.4,2.6,2.0,236.3,23.6116870874,67.0
316,0.9,2.6,3.6,208.5,35.339194976,109.1
317,1.3,3.1,5.3,344.3,25.1651601871,119.4
318,1.1,2.6,6.3,193.5,26.8918558497,88.5
319,0.7000000000000001,1.9,3.3,196.6,15.5815683214,99.3
320,1.1,2.4,2.9,169.4,16.2973409239,81.3
321,1.0,2.4,6.5,184.0,23.825462207,75.9
322,1.2,2.5,4.7,147.3,30.3545032515,97.3
323,0.9,3.7,4.8,412.0,28.3684229922,79.1
324,1.2,2.5,5.1,159.6,20.246834465,94.3
325,1.2,3.0,5.3,187.9,28.5839208565,102.6
326,0.7000000000000001,2.2,2.8,155.9,30.6856464238,73.2
327,0.8,3.1,3.8,176.4,28.8948193857,132.3
328,0.7000000000000001,1.8,1.6,206.2,21.2102072453,67.2
329,0.7000000000000001,2.0,3.8,204.4,11.1773741756,96.5
330,1.1,2.5,5.6,156.0,29.9162359156,86.0
331,0.7000000000000001,2.5,3.3,203.0,28.2602841948,94.8
332,0.8,2.5,5.3,268.9,39.2824599596,78.6
333,1.1,3.8,6.0,351.8,32.2552438835,90.7
334,0.8,1.7000000000000002,3.2,165.3,11.8070639355,56.3
335,0.6000000000000001,2.5,2.3,215.5,33.7201256501,86.3
336,0.9,2.5,5.5,278.5,24.6980483708,88.6
337,0.7000000000000001,2.6,2.0,229.9,75.3765883686,83.7
338,0.9,3.4,12.4,218.4,24.3633045285,88.8
339,0.9,3.4,11.9,210.4,28.3990619152,67.2
340,0.6000000000000001,2.2,3.4,189.0,31.0876924693,102.8
341,0.7000000000000001,2.4,2.8,168.6,27.2608908744,99.7
342,0.9,3.0,4.6,203.3,13.6420829688,84.3
343,0.7000000000000001,2.8,6.7,352.0,11.3757013489,74.1
344,0.9,2.2,3.6,173.1,28.8208196801,74.4
345,0.7000000000000001,2.2,2.7,210.0,23.6632847733,86.3
346,0.7000000000000001,1.9,4.4,224.1,11.8731243549,149.7
347,0.8,2.7,4.5,216.7,12.5553310181,63.1
348,0.9,2.1,3.1,143.0,17.1324466645,73.7
349,0.9,3.2,12.7,212.6,20.5358377686,78.3
350,1.3,3.6,7.2,208.4,30.2585801421,102.4
351,0.7000000000000001,3.2,4.8,214.1,46.5898001974,104.2
352,0.9,3.3,5.7,276.6,22.0300324491,140.7
353,0.7000000000000001,2.1,3.9,207.9,33.0232022751,63.8
354,1.0,2.0,4.0,141.9,20.2917687598,63.5
355,0.6000000000000001,1.8,3.8,174.3,11.8486151538,107.6
356,0.5,2.7,7.7,243.7,12.5879338913,77.6
357,0.8,2.6,5.3,297.4,36.16258091,105.1
358,0.7000000000000001,2.7,3.6,197.3,24.1238346899,95.0
359,1.2,2.3,3.7,125.1,9.6197620483,74.0
360,0.5,2.8,3.9,209.5,78.4205703534,101.7
361,0.7000000000000001,2.0,2.4,180.4,16.5731080408,78.0
362,1.0,2.6,4.0,172.6,14.3340247737,61.2
363,0.8,2.5,2.7,196.2,33.3964384584,90.0
364,0.5,1.8,5.5,313.4,11.7275135873,21.3
365,0.7000000000000001,2.3,3.7,176.6,51.3907304114,81.0
366,1.1,2.2,4.5,153.3,22.8778564513,91.2
367,0.9,3.0,5.8,244.5,33.8051322856,83.0
368,1.2,2.5,5.5,162.5,19.0946081429,100.1
369,0.8,2.8,3.7,218.5,22.4761143165,114.1
370,1.1,2.2,3.5,157.9,16.0683506407,88.8
371,0.5,2.7,6.0,399.6,23.0905506796,79.8
372,0.9,2.4,5.0,187.7,39.7835611181,123.1
373,0.6000000000000001,2.2,2.4,194.3,30.5412656862,89.4
374,0.8,2.7,4.2,224.8,34.9522229628,92.7
375,0.6000000000000001,1.7000000000000002,2.4,181.8,11.1448866584,91.3
376,1.1,2.5,3.9,167.4,20.9270231141,110.0
377,1.1,2.8,3.7,177.9,22.8994391488,86.8
378,0.8,2.2,4.7,183.0,12.7353917528,111.5
379,0.9,3.2,12.1,182.4,20.6035452142,64.3
380,0.8,2.8,3.8,203.0,70.1705962343,94.7
381,1.1,2.4,3.8,160.0,24.2133957708,74.5
382,0.8,2.6,4.6,226.6,22.5757267637,76.3
383,0.6000000000000001,2.0,2.2,194.0,32.0656298232,68.5
384,0.6000000000000001,2.1,6.0,239.1,9.422859595,64.8
385,1.2,2.6,4.3,271.4,27.1904127254,112.3
386,1.0,3.1,6.6,420.3,34.7650122114,97.6
387,1.2,3.3,7.4,206.0,24.0261766825,90.8
388,1.2,2.5,8.6,423.2,25.5852843872,75.0
389,0.8,2.9,6.0,260.0,13.8296006777,80.0
390,0.7000000000000001,2.6,3.5,208.1,29.1434067955,112.7
391,0.7000000000000001,2.6,2.7,155.5,23.2919679514,121.5
392,0.6000000000000001,2.2,7.1,386.1,10.144051609,72.8
393,0.8,2.1,5.3,195.8,20.8369955205,120.4
394,1.0,2.1,3.6,136.7,10.1555968572,66.9
395,1.0,2.3,4.3,128.9,22.3028618402,100.3
396,0.30000000000000004,1.8,2.1,182.7,23.0378360623,80.5
397,0.8,2.3,2.6,226.5,33.4376573435,80.4
398,1.0,2.2,4.2,148.0,27.5417401743,71.1
399,0.6000000000000001,2.2,2.1,218.7,21.4786600278,84.0
400,1.3,3.2,7.5,234.6,37.9634202541,115.2
401,0.7000000000000001,2.7,3.6,205.2,38.7845246918,93.1
402,1.9,2.6,6.3,182.2,21.1874290438,89.4
403,0.7000000000000001,3.1,4.5,207.1,29.5734416408,94.4
404,0.8,2.2,3.5,239.0,27.8999514458,56.9
405,1.2,2.8,4.6,182.4,20.1920695265,132.1
406,0.8,2.4,3.8,185.9,7.3666540171,62.1
407,0.7000000000000001,3.2,6.9,451.6,15.911173469,53.5
408,0.9,2.8,4.7,389.3,18.7547877593,50.1
409,1.4,2.9,7.1,238.6,44.2850543149,90.6
410,1.2,3.5,9.1,250.7,31.0380575255,121.5
411,0.4,2.5,2.3,198.8,65.3753283258,82.5
412,0.8,3.1,3.7,203.3,25.5805895633,104.3
413,1.1,2.5,3.7,173.8,22.7103312657,133.1
414,1.4,2.5,4.9,152.3,25.1058089693,106.2
415,0.7000000000000001,2.4,2.5,220.4,25.8734673714,79.8
416,0.5,2.3,5.3,293.6,26.4216533921,40.6
417,0.8,2.4,3.8,140.7,23.9867222957,81.8
418,0.6000000000000001,2.7,3.6,266.3,17.6198102888,107.7
419,0.6000000000000001,3.1,4.8,357.6,44.0179486893,93.4
420,0.8,2.1,5.6,134.8,25.8228277307,72.7
421,1.2,2.7,4.7,181.1,13.4702973286,72.6
422,0.7000000000000001,2.4,3.3,220.0,31.9750708222,65.0
423,0.8,3.0,3.8,208.4,22.6252291923,82.1
424,0.7000000000000001,2.6,3.0,208.2,21.1131629313,92.6
425,0.7000000000000001,2.4,2.3,176.2,24.3456329207,101.5
426,0.5,2.0,1.9,208.8,24.8545051799,78.2
427,0.9,4.1,11.6,241.6,28.4993602039,100.8
428,0.5,1.9,3.3,195.4,25.4702394759,71.5
429,0.5,1.9,6.1,204.6,33.5927512399,67.6
430,1.2,2.6,8.2,164.2,24.4802247088,86.6
431,1.0,2.6,4.5,191.5,27.6589486919,69.6
432,0.9,2.9,6.0,194.2,25.4243070217,85.9
433,0.6000000000000001,2.5,4.3,234.1,41.5794316878,115.0
434,0.7000000000000001,3.0,4.4,257.0,40.7404559546,112.0
435,1.1,3.0,5.5,165.1,22.3427932361,88.8
436,0.4,2.3,4.4,236.6,40.1691154293,45.4
437,1.3,2.7,4.7,240.6,33.6711290427,137.8
438,0.9,2.7,4.2,200.9,9.1483481865,72.2
439,0.8,2.5,3.2,270.8,21.9223736001,99.3
440,0.7000000000000001,2.5,3.0,175.4,49.7885833328,90.9
441,0.8,2.5,6.4,236.6,12.1829955281,62.6
442,0.9,2.0,4.6,171.9,19.6969516393,86.7
443,0.8,2.0,7.9,270.1,12.0039908652,75.2
444,0.7000000000000001,2.6,3.6,165.6,30.3470576381,105.8
445,1.1,2.7,3.8,125.2,9.2427946314,69.4
446,0.8,2.6,3.7,181.4,34.7527095511,106.9
447,0.7000000000000001,2.5,3.2,237.4,28.8319790025,102.6
448,1.0,2.7,4.8,179.4,20.574128621,85.3
449,0.7000000000000001,2.9,4.4,188.8,26.1059024997,109.5
450,1.2,2.6,4.5,229.9,36.7036820934,123.0
451,0.9,3.1,4.8,210.8,17.553056863,83.7
452,0.6000000000000001,3.0,6.7,276.6,21.3186557677,85.6
453,0.6000000000000001,3.1,4.1,247.2,58.6967325938,125.6
454,1.0,1.7000000000000002,3.7,174.4,17.822605786,63.3
455,0.5,2.1,1.7000000000000002,162.6,41.0101857715,77.1
456,0.6000000000000001,3.1,5.7,200.4,43.682472806,97.1
457,1.1,2.8,4.2,200.5,22.9638827852,76.8
458,0.6000000000000001,2.2,3.7,211.8,29.262879268,76.7
459,0.6000000000000001,2.3,6.0,350.4,17.0994206119,85.8
460,0.7000000000000001,2.0,3.9,170.5,12.717608989,112.6
461,1.0,2.9,6.3,222.5,20.5937650651,65.5
462,1.1,4.2,5.5,481.7,37.5908869439,80.5
463,0.7000000000000001,2.8,4.6,207.2,30.6252475752,112.3
464,0.8,2.3,1.8,192.3,27.6240828446,78.3
465,1.3,3.6,7.1,214.6,27.1755858479,92.0
466,0.6000000000000001,2.6,2.5,165.5,32.9753589005,65.7
467,0.8,2.4,6.5,253.7,15.1427299069,81.4
468,0.7000000000000001,1.9,3.7,196.0,9.6320038778,96.5
469,0.5,2.3,6.5,222.2,9.7068110058,72.4
470,1.2,2.4,4.8,156.3,25.3598502127,90.3
471,0.6000000000000001,2.7,3.5,262.7,41.4819899878,113.2
472,1.1,2.5,5.5,216.9,35.4051490363,93.6
473,0.7000000000000001,2.3,3.1,176.4,49.9269506746,78.6
474,0.6000000000000001,2.5,2.4,255.4,26.7566600403,76.7
475,1.1,2.2,5.4,181.9,21.2610440972,93.3
476,1.3,3.8,11.6,297.5,26.6340822414,88.6
477,1.1,2.2,3.4,148.6,22.9021921292,86.0
478,1.2,2.7,6.3,164.4,23.3517470692,104.7
479,0.30000000000000004,2.4,2.4,227.7,29.2518763199,84.4
480,0.4,1.9,2.8,194.6,32.6094567301,104.7
481,1.0,2.5,7.1,462.8,54.9598916307,153.9
482,0.8,1.9,1.7000000000000002,157.1,28.6672838299,72.2
483,0.7000000000000001,1.7000000000000002,3.1,156.4,10.073551985,90.8
484,0.8,2.6,3.9,291.6,39.9319501802,157.2
485,0.7000000000000001,3.1,3.0,225.2,25.0023212948,102.9
486,1.2,2.4,5.5,170.6,18.6846041655,94.9
487,0.6000000000000001,2.5,3.5,172.9,25.339717871,96.9
488,0.7000000000000001,2.2,2.8,172.0,26.588099441,73.1
489,0.6000000000000001,3.2,3.6,211.7,48.3302690802,89.7
490,1.0,2.5,5.6,177.8,22.607994286,110.7
491,0.8,3.0,5.0,205.6,35.586982448,118.7
492,1.0,2.6,3.4,120.6,10.6216814038,70.4
493,0.7000000000000001,2.5,2.3,204.3,48.0493624498,91.7
494,0.6000000000000001,2.8,2.6,206.5,26.5509858015,91.0
495,0.7000000000000001,2.6,5.0,283.4,47.7869581569,154.0
496,0.6000000000000001,3.0,3.6,209.6,23.2525833334,130.1
497,1.1,2.6,4.5,182.7,14.39561898,64.1
498,1.1,2.6,4.1,169.3,10.0919889969,65.9
499,1.1,2.4,3.5,111.5,11.416292444,74.6
500,1.3,2.7,7.2,173.1,23.5174994033,89.7
501,0.8,3.0,3.5,178.9,29.0525409469,109.7
502,0.9,2.4,3.8,142.8,8.6753069593,65.4
503,0.8,2.4,4.2,218.2,28.9904300099,57.2
504,0.9,2.7,3.8,171.6,44.943170595,106.3
505,0.7000000000000001,2.3,1.9,205.0,37.0020827105,62.2
506,1.1,3.6,10.8,266.1,30.7603462014,93.9
507,0.4,3.1,2.7,340.5,19.7235261743,104.4
508,1.2,2.9,6.5,251.3,39.3749240057,109.1
509,0.9,2.5,4.1,177.3,24.2286651335,113.9
510,0.7000000000000001,2.1,4.8,193.4,10.4291984369,96.8
511,0.7000000000000001,2.9,4.3,188.0,32.4808608663,116.2
512,0.5,2.0,1.8,197.1,21.8089090858,69.2
513,0.6000000000000001,2.5,3.5,249.3,25.0818639438,99.6
514,0.6000000000000001,2.7,6.6,389.2,29.904607495,72.9
515,0.6000000000000001,2.4,2.8,196.3,34.7410732428,99.8
516,1.0,2.5,4.8,135.5,22.7329210155,100.9
517,0.9,3.0,4.0,237.2,53.22506029,107.5
518,0.7000000000000001,2.7,5.2,193.8,60.3898146293,91.6
519,0.8,3.5,6.7,199.9,19.7577757362,116.4
520,0.7000000000000001,2.5,3.0,246.1,19.3096646738,103.2
521,0.7000000000000001,2.4,7.9,299.8,12.7783545547,39.8
522,0.7000000000000001,3.0,4.0,198.5,32.4352007576,82.6
523,0.7000000000000001,2.1,6.4,253.7,12.7953449726,54.8
524,0.9,2.2,6.2,239.6,11.1081125937,73.7
525,0.5,2.5,5.6,415.4,41.8205535437,60.6
526,0.8,2.0,5.2,185.6,13.5176441951,105.8
527,0.9,3.6,5.6,294.2,27.2191177568,62.1
528,1.3,2.5,13.0,164.2,24.5242494185,95.9
529,1.2,2.4,5.5,144.5,22.2156561368,96.4
530,0.9,2.3,2.4,187.7,19.976882581,68.8
531,1.1,3.1,5.7,314.1,38.5056328347,78.2
532,0.9,1.9,3.5,145.2,10.0071406881,60.1
533,0.8,2.0,4.6,171.3,9.7727883704,94.1
534,0.6000000000000001,2.4,2.7,190.5,39.8720829834,96.4
535,0.7000000000000001,3.1,4.4,182.8,34.1806034125,55.8
536,1.2,2.9,6.7,257.7,19.4524382082,126.4
537,0.5,3.1,7.1,317.0,15.183619485,87.1
538,0.8,2.6,7.5,325.4,20.5683223803,63.4
539,0.5,1.9,2.3,190.2,31.1913400986,78.0
540,1.0,2.4,3.9,170.5,10.7659901735,58.5
541,1.1,3.2,6.6,352.7,31.722189206,87.4
542,1.1,2.6,3.7,217.7,25.3319484913,98.4
543,1.0,2.4,8.1,173.9,31.6570930336,85.4
544,0.8,2.4,4.0,174.9,13.0510333752,59.3
545,0.6000000000000001,2.3,3.5,226.9,20.4889781346,105.5
546,0.5,2.7,2.4,189.7,22.3630033571,55.4
547,0.9,2.4,3.8,135.0,14.8892265052,63.3
548,1.0,2.0,3.2,163.8,9.0440166496,99.8
549,0.6000000000000001,2.3,6.7,206.3,11.8262584284,70.6
550,1.2,2.3,3.8,125.4,11.7403750608,67.0
551,1.2,2.7,6.8,220.5,33.389883126,76.3
552,0.8,3.1,4.0,234.2,49.1203930246,134.5
553,1.1,2.5,5.3,225.3,30.1474052885,77.6
554,0.6000000000000001,2.4,8.1,297.9,9.7872322448,75.2
555,0.7000000000000001,2.4,4.0,256.0,18.7387105265,84.6
556,0.6000000000000001,2.4,3.5,256.4,18.8116712816,79.4
557,0.6000000000000001,2.7,2.8,231.4,19.8381391859,83.7
558,0.7000000000000001,2.6,5.2,237.0,12.5525788628,161.0
559,1.1,2.4,5.4,193.5,35.212989108,74.8
560,1.3,2.9,3.7,106.3,9.7061409633,78.8
561,0.9,2.7,4.3,222.3,10.4302634384,67.5
562,1.1,2.5,8.4,230.4,23.3052707322,107.6
563,0.9,2.5,4.4,163.0,19.7497874801,79.0
564,0.9,2.3,5.0,292.8,62.2843612319,85.5
565,0.8,2.6,3.8,216.3,17.0316342327,61.2
566,1.1,2.7,5.2,230.3,24.457389714,107.5
567,0.9,2.2,6.0,206.5,24.6694841927,54.5
568,0.6000000000000001,2.3,2.6,240.7,29.9137285671,71.5
569,0.7000000000000001,2.0,4.1,230.6,27.4668298681,85.7
570,0.6000000000000001,2.9,3.0,355.4,42.1710980414,101.3
571,0.5,2.3,2.6,199.4,39.5997767922,86.2
572,0.6000000000000001,2.5,3.5,235.1,30.3263736084,104.0
573,0.6000000000000001,2.8,4.6,158.4,32.505666417,103.6
574,0.8,3.1,5.0,206.2,50.6709503684,123.5
575,0.7000000000000001,3.0,3.7,194.9,44.5386327922,104.6
576,0.7000000000000001,2.1,5.7,222.1,11.7204005622,65.6
577,1.1,2.5,4.7,158.3,31.5210866242,86.3
578,1.1,3.2,6.2,221.7,27.6964968722,123.6
579,1.0,2.6,3.7,142.6,10.6353371993,64.7
580,1.1,2.3,6.1,272.9,40.833714351,95.5
581,0.8,2.8,3.5,197.5,38.5327454507,94.5
582,0.6000000000000001,2.6,4.5,226.1,16.7123753276,77.6
583,0.9,4.2,7.5,209.6,19.8794352999,70.6
584,1.0,2.4,4.2,192.1,14.8090913001,59.7
585,1.2,2.7,4.5,223.2,23.2962418201,90.7
586,0.7000000000000001,3.3,3.8,210.5,31.5579120312,106.7
587,0.7000000000000001,2.8,2.9,202.3,56.222657818,87.9
588,1.0,2.4,4.3,173.1,19.3446268669,71.8
589,0.8,2.9,3.8,233.6,24.9220984305,105.8
590,0.8,2.1,3.4,170.0,24.99431812,79.9
591,1.2,2.2,3.7,155.1,20.9006909314,85.4
592,1.3,2.4,7.0,158.6,22.4120015478,91.8
593,0.9,2.8,4.6,256.8,39.8019949617,81.8
594,1.2,2.5,6.0,156.2,25.999420636099998,108.6
595,0.4,2.7,2.5,201.4,29.4363199457,110.3
596,0.8,2.1,4.4,170.2,9.7005263689,82.6
597,0.9,2.1,4.4,191.1,9.5013198076,105.2
598,0.7000000000000001,3.4,7.4,211.0,36.5240355459,95.0
599,1.1,2.3,4.7,131.4,28.815807547,96.7
600,1.0,2.5,10.1,188.7,21.3299394076,102.0
601,1.2,2.8,6.4,218.7,33.9947372263,76.3
602,0.5,1.8,4.2,189.1,29.557055481,71.6
603,0.7000000000000001,2.1,3.6,231.0,45.7960835362,138.0
604,0.9,3.6,4.0,225.7,16.9560648262,75.8
605,0.8,3.6,7.6,473.1,24.4442698375,75.0
606,1.4,2.3,3.9,115.1,11.2257697612,65.0
607,0.6000000000000001,1.8,2.2,195.5,29.2249004769,53.7
608,0.6000000000000001,2.5,3.9,224.1,15.0882775745,101.1
609,0.6000000000000001,2.9,4.1,208.2,38.3739702966,113.7
610,1.0,2.2,4.6,202.8,13.1236335717,114.3
611,0.8,3.1,4.0,183.9,22.520554401,104.9
612,1.2,2.9,4.6,170.3,19.2322930472,107.0
613,0.8,2.1,2.1,208.7,21.6074245224,66.5
614,0.8,2.6,3.9,219.0,21.6961665189,129.9
615,0.7000000000000001,2.7,2.8,276.8,30.1280554019,123.8
616,1.2,2.7,4.3,205.3,26.5898403931,131.6
617,0.9,2.2,3.6,147.5,11.5212628243,62.7
618,0.8,2.4,6.5,258.3,11.2301008297,76.7
619,0.7000000000000001,2.8,3.0,202.2,56.5648841589,85.5
620,0.9,1.9,8.5,281.0,12.6815216265,80.1
621,0.8,2.6,3.1,173.8,43.6322895332,103.6
622,0.6000000000000001,2.4,3.3,252.7,8.7738885509,101.2
623,0.8,2.8,3.9,374.7,33.8909373905,90.1
624,0.9,2.2,4.7,235.2,13.1072714532,92.8
625,1.0,2.8,6.9,229.9,31.9923124618,105.2
626,0.5,2.2,3.6,198.8,51.1121632981,106.8
627,0.6000000000000001,2.3,2.9,256.6,49.5578299366,72.5
628,1.1,2.6,4.2,205.5,14.0602441749,68.4
629,0.6000000000000001,2.0,2.9,202.1,54.1339898266,63.1
630,1.2,2.5,4.8,181.3,23.71077357,95.8
631,0.7000000000000001,3.1,4.3,188.6,30.5934072308,102.4
632,1.0,2.7,5.3,209.6,38.8766464361,136.3
633,1.0,2.1,3.0,214.5,25.274544796,85.4
634,0.9,2.8,4.6,265.7,26.655620983,83.7
635,1.1,2.3,6.1,158.7,26.1951071657,72.3
636,0.8,2.6,4.3,224.5,23.8436188351,128.4
637,1.1,2.7,5.6,173.7,22.0933963762,91.7
638,1.2,2.3,8.7,154.2,25.4140133072,86.5
639,0.7000000000000001,2.0,4.2,205.6,15.8542743386,104.3
640,0.7000000000000001,2.3,5.9,219.8,12.8913014958,65.4
641,0.9,2.2,4.2,159.2,31.9082166981,95.9
642,0.9,2.1,4.9,137.9,22.2988959918,81.9
643,1.0,1.9,4.1,166.2,9.0006084464,86.2
644,0.8,2.4,3.7,200.1,35.6958791039,85.4
645,0.7000000000000001,2.5,3.9,259.9,32.1454963054,106.2
646,1.2,2.6,4.5,143.5,25.9092960519,107.5
647,1.0,2.0,3.8,136.0,24.8260376223,88.7
648,0.6000000000000001,3.2,4.2,221.8,33.8595870123,105.9
649,1.2,2.4,8.6,163.2,25.9574231297,83.6
650,1.0,2.5,2.6,176.0,21.7183199324,71.2
651,0.6000000000000001,2.3,3.4,295.9,20.7247790748,80.3
652,1.1,2.4,5.1,156.6,27.2562785906,87.9
653,0.8,2.6,4.1,204.8,22.7322198414,111.1
654,1.0,2.1,4.0,184.0,9.9679096968,127.0
655,0.7000000000000001,2.1,2.9,194.3,29.3088036761,74.3
656,0.8,3.2,5.6,215.8,35.1005102217,116.5
657,1.1,2.6,4.9,211.4,40.7877075198,88.3
658,0.6000000000000001,2.4,3.2,249.8,32.462930219,127.8
659,0.7000000000000001,2.1,6.4,251.4,10.2516734491,56.7
660,1.1,2.6,4.5,184.8,13.1044099139,67.6
661,0.6000000000000001,2.2,2.9,179.0,29.5573908142,83.7
662,0.8,2.4,3.3,213.8,31.7428204219,106.4
663,1.2,3.2,6.1,216.8,38.9289328834,102.0
664,1.3,2.8,4.7,192.4,25.584333816,100.0
665,0.9,2.6,4.6,206.2,16.8177279877,63.4
666,1.0,2.4,5.4,236.8,10.7055048381,139.5
667,0.7000000000000001,2.4,3.4,205.9,20.9335655485,115.5
668,0.4,2.3,3.0,219.1,41.557862269,92.6
669,0.6000000000000001,2.3,2.3,203.6,46.2721856646,78.5
670,0.6000000000000001,2.1,2.1,204.8,23.8939139712,70.1
671,0.7000000000000001,2.5,1.9,203.5,25.6499154746,80.9
672,1.0,2.8,4.6,228.4,40.4981079054,141.0
673,0.7000000000000001,2.1,5.0,257.2,18.7692073056,124.8
674,1.0,3.1,5.3,209.1,16.079201791,96.2
675,1.2,2.7,4.6,169.2,21.4690127931,83.8
676,1.2,2.4,3.9,149.6,28.1893097546,89.6
677,0.6000000000000001,2.5,3.7,162.9,33.1696563265,97.6
678,0.9,3.6,6.4,182.3,17.2599929707,74.8
679,1.0,2.6,3.3,186.1,24.2135820132,91.2
680,1.0,3.7,4.7,213.1,31.7917006551,79.7
681,0.5,2.2,1.9,289.3,34.3364920183,87.1
682,1.2,2.0,2.3,166.3,27.8786455026,101.8
683,0.9,2.7,4.1,202.0,9.1036272167,61.1
684,1.3,2.1,5.3,160.5,20.0196959313,80.3
685,1.2,2.8,4.9,210.4,30.2098639472,79.7
686,0.8,3.2,5.2,218.9,38.1027343,134.1
687,1.2,2.3,3.5,157.5,17.0944641873,79.4
688,0.8,2.6,3.2,234.9,53.5792965563,106.4
689,1.0,2.3,5.6,158.5,28.7732953139,78.2
690,0.7000000000000001,2.7,3.4,187.7,40.2637074428,101.9
691,0.7000000000000001,2.1,4.3,227.7,14.0937758688,103.1
692,0.7000000000000001,2.5,3.4,200.0,37.5307332971,92.1
693,0.7000000000000001,2.5,3.3,214.4,31.1117654903,99.6
694,1.0,3.1,4.1,216.7,27.4978925179,90.6
695,1.1,2.2,4.4,167.7,17.3276642449,84.5
696,0.4,2.5,8.3,437.4,12.9769749846,52.3
697,0.8,3.6,5.1,203.3,25.6399932377,128.2
698,0.8,2.3,4.4,176.5,9.2550377377,60.4
699,0.9,3.4,9.7,218.5,32.6282095538,67.0
700,1.3,2.8,5.6,171.6,21.5997099386,98.3
701,1.0,3.0,5.9,202.2,31.0130593385,118.1
702,0.5,2.2,3.1,187.3,38.5533778081,94.3
703,1.1,2.4,4.7,175.9,17.7678877685,106.8
704,0.9,3.0,4.1,245.9,37.2291251338,142.5
705,0.8,2.3,2.2,212.5,19.5900228482,88.8
706,0.7000000000000001,2.6,3.0,277.6,56.7075126128,132.6
707,1.1,2.5,8.0,147.3,23.7214983361,90.3
708,0.7000000000000001,2.9,4.3,198.0,41.8578233357,107.4
709,1.1,2.5,6.0,208.0,18.905036684,100.6
710,0.6000000000000001,2.2,1.7000000000000002,187.1,20.4705287329,54.0
711,0.9,2.8,3.9,206.1,26.7180461919,67.5
712,0.8,3.2,4.4,186.6,31.1886742103,97.4
713,0.5,1.9,3.3,243.6,24.6273972569,102.7
714,0.7000000000000001,2.8,2.9,187.4,30.825400914,112.1
715,0.6000000000000001,2.7,3.3,278.4,19.9570806712,135.7
716,1.0,2.6,7.5,262.7,26.6787529156,86.5
717,0.7000000000000001,2.7,4.8,215.2,51.3681956202,119.0
718,0.9,2.1,4.3,174.3,10.4050063654,91.9
719,1.0,2.2,4.8,212.8,30.5846191003,83.5
720,1.1,2.7,5.4,187.2,29.6603020941,101.4
721,0.9,2.7,3.2,185.6,19.8778196201,101.4
722,0.9,2.5,2.4,185.0,51.6624538014,79.7
723,0.9,2.6,6.5,233.8,13.0167291684,97.8
724,1.3,3.5,4.5,329.0,39.073229494,120.1
725,1.0,1.7000000000000002,2.2,131.6,23.2435737749,87.7
726,0.6000000000000001,2.1,2.2,182.4,28.428427766,92.1
727,0.7000000000000001,2.5,4.4,203.2,10.9283296504,87.4
728,0.7000000000000001,2.9,3.8,244.3,50.5413046149,115.3
729,0.8,2.5,4.5,187.1,38.4506261786,84.3
730,0.8,3.1,4.6,194.9,37.1589263787,115.2
731,0.7000000000000001,2.5,3.6,213.6,37.5987177752,96.2
732,0.7000000000000001,3.1,3.7,205.2,35.6105894312,116.5
733,1.2,3.1,8.6,235.1,25.271732106400002,99.0
734,0.8,2.7,2.7,185.2,29.1985124627,60.8
735,0.7000000000000001,2.8,10.2,393.6,78.5014715005,59.4
736,0.6000000000000001,2.4,2.1,272.8,28.2263572122,65.9
737,1.1,3.0,5.9,314.9,39.9502392139,89.1
738,0.8,2.4,7.9,193.2,40.7746871688,99.3
739,0.7000000000000001,2.7,2.9,181.1,23.5209875165,70.2
740,1.2,2.7,4.0,169.9,14.5307428684,67.4
741,0.8,2.7,4.0,236.5,26.7879039899,92.0
742,1.0,2.2,5.3,186.2,28.1435193963,127.8
743,0.6000000000000001,3.8,4.9,228.5,22.7979674725,87.9
744,1.1,2.0,2.2,166.9,17.0398133415,71.8
745,0.6000000000000001,2.5,3.7,217.2,25.2102218812,84.0
746,0.6000000000000001,2.5,3.3,236.8,43.1260269182,118.3
747,0.9,3.0,7.2,286.0,14.9620660303,77.0
748,1.2,3.4,9.3,210.2,27.8587491234,114.5
749,1.0,2.2,6.7,145.2,31.9296347705,74.4
750,0.8,2.8,3.7,204.7,60.8488067628,114.8
751,0.9,2.1,6.2,234.2,23.5158938876,130.4
752,1.0,2.1,2.7,228.7,25.1267969886,81.4
753,0.7000000000000001,3.1,4.8,206.5,41.0130944992,115.9
754,0.9,2.3,2.6,205.9,25.3755944345,94.1
755,0.8,2.4,2.5,222.6,31.9984630959,118.1
756,1.1,2.8,4.5,184.5,13.8850597133,66.6
757,0.7000000000000001,2.7,4.8,276.5,12.1523501167,62.4
758,0.8,1.8,2.0,170.7,33.8623665392,74.0
759,1.0,2.3,6.6,133.5,18.2097552737,83.5
760,1.1,2.3,6.7,167.5,24.6179949635,83.6
761,0.5,2.8,2.9,193.7,29.6255613789,102.9
762,0.9,2.6,4.4,212.1,10.1749398458,65.4
763,1.1,2.4,4.1,159.9,23.3115523424,86.3
764,1.0,2.4,2.8,124.8,27.6038066097,151.6
765,0.30000000000000004,2.3,1.8,208.1,19.5649395811,80.6
766,0.5,2.8,6.0,269.4,16.4598109829,69.6
767,1.0,2.2,3.7,147.9,21.169445379,71.6
768,0.7000000000000001,2.9,8.6,405.0,15.8213253267,79.1
769,0.8,2.8,4.2,204.0,46.5338697803,100.1
770,0.7000000000000001,2.5,3.5,195.0,29.8483401006,98.0
771,1.0,2.5,4.7,233.1,23.0210741338,71.0
772,1.0,3.3,7.5,200.4,22.5343384871,78.8
773,1.1,2.3,5.1,157.7,26.6466669283,88.1
774,0.9,3.9,13.3,193.6,26.0004367731,91.4
775,0.8,2.7,3.6,192.3,38.9864207334,108.0
776,0.8,3.1,6.3,224.5,12.4668765754,68.3
777,0.7000000000000001,2.4,2.5,189.9,23.1250736295,93.7
778,1.3,2.3,4.8,161.9,20.9004710422,84.0
779,1.0,2.5,4.4,179.1,20.9497839161,70.6
780,0.7000000000000001,2.8,3.3,229.3,27.0582829619,96.0
781,0.9,2.0,3.6,213.5,22.505816643,113.6
782,0.8,4.3,6.1,208.5,49.2853244339,129.5
783,0.7000000000000001,3.9,2.3,250.8,30.7477378732,75.8
784,0.6000000000000001,2.3,3.5,186.0,32.8612745656,112.6
785,0.5,2.0,2.4,198.9,43.5549223397,87.7
786,0.9,2.3,2.7,249.9,24.0127135694,72.5
787,0.9,2.0,4.0,184.1,30.3086122287,58.7
788,1.0,3.2,3.8,219.0,35.0042114143,114.4
789,0.7000000000000001,2.0,4.3,172.1,10.8662991849,84.1
790,0.6000000000000001,3.3,3.7,196.3,32.1879896312,75.9
791,1.1,2.3,4.8,167.3,20.5812894028,82.1
792,0.7000000000000001,3.2,3.8,218.3,30.4677643919,107.9
793,0.9,2.7,5.4,209.3,50.4511746039,93.4
794,0.8,2.4,6.4,240.4,13.3720870466,73.9
795,0.8,2.1,5.2,186.8,11.0385175999,105.7
796,1.4,2.8,4.5,200.4,30.7875875519,120.2
797,0.7000000000000001,2.8,6.4,322.9,41.9095160436,36.1
798,1.0,2.4,5.6,173.7,9.7833587182,89.2
799,1.0,2.1,7.1,135.5,20.0172808151,89.1
800,1.2,2.8,5.5,191.3,33.7751621206,88.6
801,0.9,2.6,6.4,232.8,9.7380948126,52.7
802,0.5,2.2,2.6,217.7,22.0172814387,121.6
803,1.4,2.7,7.3,165.6,28.8138257334,116.4
804,0.8,2.5,5.0,179.6,25.6350976166,119.3
805,1.1,3.3,6.7,234.4,25.3138053845,65.5
806,0.8,2.7,3.1,194.7,19.3927336927,97.8
807,0.5,2.3,3.8,195.4,35.4326650798,120.8
808,0.6000000000000001,2.1,7.1,212.9,12.2924817802,73.7
809,1.0,2.5,4.2,205.6,30.8218335065,91.0
810,1.3,3.0,6.0,289.2,29.9833082989,140.6
811,1.2,3.4,7.5,374.4,23.5034111921,138.3
812,1.3,3.3,10.9,262.9,29.3399903003,112.4
813,0.9,2.0,3.3,215.2,43.9171775698,76.8
814,1.3,2.7,4.5,198.1,33.9533505576,138.4
815,1.0,2.0,5.7,141.9,22.0044184915,109.4
816,0.8,3.1,6.3,225.9,29.1659023459,90.8
817,1.0,2.5,8.2,159.9,26.3742108318,101.4
818,0.9,2.1,5.4,148.4,26.3435497881,81.7
819,1.0,2.8,5.0,225.3,35.501853045,90.9
820,0.8,3.5,10.4,156.9,23.9352434867,83.0
821,1.1,2.8,4.4,179.2,14.8024248236,67.6
822,0.8,2.2,2.1,219.1,49.0417344491,101.3
823,0.5,1.9,6.6,215.4,12.4879741846,73.5
824,0.7000000000000001,2.5,7.5,278.3,15.1525089128,64.6
825,0.6000000000000001,3.2,6.8,392.2,38.0981132935,74.0
826,1.0,3.0,4.2,190.7,17.7440526534,141.9
827,0.7000000000000001,3.0,2.7,235.4,30.5901195221,82.8
828,0.9,2.1,8.1,282.2,14.699921249199999,78.8
829,1.1,2.2,3.3,146.2,23.488658271,76.2
830,1.1,2.2,5.0,144.9,30.5325673589,107.0
831,0.6000000000000001,2.4,7.6,297.6,9.8899526035,57.2
832,0.7000000000000001,2.5,2.7,168.5,29.6345249419,96.2
833,0.7000000000000001,2.7,3.7,179.2,48.5976147758,101.6
834,0.5,2.2,2.8,191.4,19.761828224,88.1
835,1.0,2.4,2.6,231.2,19.6122632192,84.1
836,0.6000000000000001,2.6,2.8,181.4,46.7852167324,73.0
837,0.6000000000000001,2.2,2.0,222.8,31.5681375386,61.4
838,1.2,2.6,7.1,210.2,28.2328636507,98.9
839,0.8,3.6,9.7,324.6,17.3236422376,122.2
840,1.2,3.7,7.7,388.8,30.1613666804,102.6
841,0.7000000000000001,2.3,2.4,187.1,26.6608336558,78.9
842,1.2,2.8,4.6,181.5,25.795460727200002,84.7
843,0.8,2.3,4.6,208.1,28.9560510659,61.5
844,0.9,2.7,2.9,182.9,21.1967213141,91.9
845,0.6000000000000001,2.9,3.0,180.3,25.6436040596,111.3
846,0.6000000000000001,2.7,4.0,156.4,20.3501982998,92.3
847,0.8,1.8,1.9,193.3,17.1730327925,75.7
848,0.6000000000000001,2.3,3.6,208.5,32.1370310306,97.4
849,0.6000000000000001,1.7000000000000002,1.9,225.2,70.253836706,44.9
850,0.8,1.9,5.7,261.0,11.6109621455,82.8
851,0.8,2.8,3.4,177.7,21.5962616075,115.9
852,0.8,3.7,10.4,457.9,17.192594945,62.8
853,1.2,2.6,4.9,160.8,25.3352306453,95.5
854,0.9,3.0,3.1,184.7,36.926053487,129.4
855,1.2,2.6,4.1,179.2,19.7862646092,106.5
856,0.7000000000000001,2.0,3.0,200.2,47.6692790998,71.1
857,0.9,2.6,4.0,199.9,12.6606550863,66.2
858,0.8,2.0,4.8,188.2,16.5436377063,96.5
859,0.7000000000000001,2.6,2.3,249.4,16.9654370543,80.2
860,0.4,2.8,2.6,296.9,27.5878554307,146.2
861,1.1,2.7,7.0,215.2,25.5809952377,93.5
862,0.9,2.4,5.7,235.8,11.8420751262,95.9
863,1.1,2.7,5.0,178.5,19.0875778228,121.6
864,1.0,3.7,12.6,429.0,19.5174209857,64.3
865,0.7000000000000001,3.3,5.5,176.0,31.1761241317,102.5
866,1.0,2.6,6.8,300.2,20.5048016504,84.8
867,0.7000000000000001,2.5,4.1,178.4,44.1198215574,111.7
868,0.9,2.0,4.0,182.7,10.3720814066,74.9
869,0.4,2.4,2.9,204.0,38.2205258822,88.5
870,1.2,2.4,7.3,178.9,21.6315828435,102.9
871,0.5,1.8,1.7000000000000002,185.2,32.6384569415,79.1
872,0.9,2.7,6.5,287.3,11.0800145935,86.1
873,0.9,3.1,4.6,206.5,19.2860338431,90.9
874,0.9,1.8,3.8,180.0,39.8710975002,62.4
875,0.8,2.2,3.7,181.5,34.660994494,64.2
876,1.0,2.2,5.6,188.4,34.099490515,103.1
877,1.1,3.5,6.3,198.7,22.2535504723,107.1
878,1.0,3.7,10.6,211.3,24.4506557457,89.9
879,0.9,2.7,13.1,424.1,22.1307812724,57.7
880,0.7000000000000001,3.0,4.5,280.0,35.5366994063,66.2
881,1.0,2.6,6.1,217.3,24.5854770151,95.5
882,1.1,2.4,3.9,142.9,11.1636730623,65.6
883,0.7000000000000001,2.3,3.8,239.3,62.2822349873,153.0
884,0.6000000000000001,2.4,3.5,181.1,29.8674364488,66.6
885,0.6000000000000001,2.7,2.8,195.4,53.022468072,63.5
886,1.0,2.1,4.9,178.9,9.7414986679,97.9
887,0.5,2.1,1.8,196.8,29.8008438204,73.9
888,0.6000000000000001,2.6,7.1,344.7,12.8637352635,69.0
889,0.7000000000000001,2.5,2.3,169.8,28.3796438539,112.1
890,0.7000000000000001,2.6,3.4,233.4,39.750035372,110.9
891,1.2,2.9,6.3,186.3,37.9283480197,113.2
892,0.8,2.7,6.0,234.1,73.6242203345,92.6
893,0.7000000000000001,2.5,3.3,177.7,43.0610227788,94.0
894,1.4,2.7,4.7,160.1,19.3781313268,106.8
895,1.2,2.4,12.7,179.7,25.5158931605,75.1
896,1.1,2.6,3.5,125.6,11.874781941,69.9
897,0.6000000000000001,3.2,6.4,274.3,31.8596987371,31.7
898,0.7000000000000001,2.8,4.6,199.4,39.4009210877,111.0
899,1.5,2.4,3.6,172.8,27.6459599397,112.5
900,0.8,2.7,4.7,259.7,14.074544458,66.3
901,1.1,2.5,4.8,168.8,18.4597843799,90.4
902,0.6000000000000001,2.2,5.6,260.7,22.9972152064,73.8
903,1.0,3.0,7.5,243.2,24.8912685719,79.0
904,1.0,2.6,3.9,155.1,15.9921359202,63.0
905,1.1,3.6,5.5,197.0,30.4774132045,113.3
906,1.1,2.5,5.8,205.8,26.3323349434,88.5
907,0.30000000000000004,1.7000000000000002,1.9,207.9,22.1808964933,92.1
908,0.9,2.2,4.8,150.9,28.8271354104,95.7
909,0.7000000000000001,2.5,7.9,367.3,12.185551677,54.3
910,0.7000000000000001,2.9,6.6,428.7,18.9936333896,61.3
911,1.1,3.3,4.1,275.8,30.8205094618,106.2
912,1.7000000000000002,3.0,6.2,280.5,24.1022055648,109.8
913,0.8,2.2,5.8,181.4,11.37989764,92.1
914,1.0,2.9,5.1,271.4,31.1375614956,167.6
915,0.8,3.0,3.6,216.0,30.0543217905,101.2
916,0.4,2.2,3.0,232.1,31.4630090476,76.2
917,0.6000000000000001,2.7,4.9,224.3,53.9350020484,93.7
918,0.6000000000000001,2.6,7.2,262.6,9.4478212909,54.5
919,0.6000000000000001,2.7,2.7,225.7,34.2197419222,101.4
920,0.7000000000000001,2.8,8.7,223.0,66.9917556663,88.4
921,1.1,2.3,5.2,152.6,16.1795122024,84.9
922,0.4,2.2,2.4,201.3,26.5221070169,96.4
923,0.7000000000000001,2.2,2.4,210.3,49.886079264,81.6
924,0.9,2.9,5.5,339.4,22.8484431513,66.3
925,0.7000000000000001,2.6,7.6,279.0,11.9660346154,64.7
926,1.1,2.5,3.6,135.7,9.9906733275,64.7
927,0.30000000000000004,2.3,2.3,207.3,46.0945589459,82.1
928,0.9,2.2,2.9,211.5,25.4554590462,92.5
929,1.2,2.4,6.3,182.4,21.6764875362,93.8
930,1.1,2.5,8.9,216.6,20.5672484854,89.3
931,0.5,2.9,5.1,289.2,15.5708166118,43.3
932,1.0,3.5,8.5,189.9,17.0271580315,83.7
933,1.1,2.0,3.6,129.7,26.5297745811,81.3
934,1.4,2.2,3.5,110.0,9.6927311762,62.9
935,1.2,3.4,5.8,302.4,35.098579033,106.9
936,0.7000000000000001,3.6,11.5,198.6,21.0254510695,90.4
937,1.2,2.5,10.6,161.3,18.9849400416,98.0
938,0.4,1.7000000000000002,1.9,178.7,27.8676863468,71.3
939,0.6000000000000001,2.6,5.0,440.8,12.1990008572,54.9
940,1.0,2.8,4.3,188.4,11.3731775192,65.9
941,0.8,3.2,5.0,314.7,31.0283699305,89.1
942,1.1,2.9,4.9,179.7,23.450305588,85.0
943,0.9,2.4,2.7,214.2,26.9166821971,96.8
944,0.9,2.9,3.9,191.4,39.7237775759,112.4
945,0.7000000000000001,2.9,3.4,169.2,29.0906410914,93.7
946,0.7000000000000001,2.0,3.3,156.5,10.4634870868,54.9
947,1.1,2.4,4.3,165.6,29.5145572319,94.4
948,0.7000000000000001,2.1,2.5,259.9,54.7690773818,85.5
949,0.8,3.8,8.3,296.0,14.3923624019,70.2
950,1.3,3.4,7.5,217.1,29.5380799016,118.7
951,0.6000000000000001,2.4,2.0,184.8,25.8116961477,77.5
952,0.9,2.3,3.9,160.3,15.3941263125,64.1
953,0.6000000000000001,2.9,5.8,228.8,42.478395645,80.6
954,0.9,2.2,5.1,131.3,26.4879264803,93.7
955,1.0,2.8,3.7,245.2,34.1019212306,79.8
956,0.8,3.1,3.7,267.0,30.0137399887,113.3
957,0.6000000000000001,3.0,3.9,250.8,27.9070207463,126.7
958,1.0,2.6,4.8,228.5,11.0218886503,118.1
959,1.2,2.5,5.4,169.6,20.088429009,99.2
960,0.5,2.2,6.1,322.6,11.8416628995,39.3
961,0.9,2.8,6.5,247.0,42.5122946342,71.2
962,1.0,1.9,4.0,171.8,20.3458901458,88.5
963,1.0,2.5,4.1,170.3,12.4072631606,57.8
964,0.7000000000000001,2.4,6.2,280.5,12.0426566925,81.9
965,0.6000000000000001,3.0,4.1,198.1,33.3838859478,119.1
966,0.8,1.9,7.8,269.5,33.3806116447,74.1
967,1.1,2.7,4.5,190.3,23.9697258763,99.9
968,0.7000000000000001,3.0,6.8,330.7,17.4207662268,37.9
969,0.7000000000000001,1.9,3.8,165.6,13.5074795404,93.3
970,1.1,2.2,6.7,178.0,20.9422950228,98.8
971,0.9,3.9,7.0,296.3,17.4465787284,104.2
972,0.9,2.0,5.0,180.8,12.7918373775,105.0
973,0.7000000000000001,3.3,3.7,269.8,43.7804943047,132.6
974,1.0,3.5,5.7,225.5,24.1722985373,89.3
975,1.1,2.6,3.5,127.1,9.5359736625,71.5
976,0.7000000000000001,2.7,5.0,399.9,34.1594073387,117.4
977,0.8,2.8,3.8,194.1,28.6851253173,103.6
978,0.4,2.7,5.6,260.7,22.7490642395,72.9
979,0.8,2.8,6.5,232.6,13.1940983832,63.2
980,0.8,2.2,6.0,249.2,15.2648891187,72.7
981,0.9,2.0,8.0,262.4,15.8674031231,85.9
982,0.7000000000000001,2.6,3.2,162.2,35.2689974412,96.2
983,0.8,2.9,5.4,416.5,18.910195681,115.6
984,0.6000000000000001,2.1,2.3,212.4,30.4778341138,69.4
985,0.6000000000000001,2.0,2.7,182.0,32.2421012117,69.9
986,0.5,2.6,3.7,225.1,31.3428764895,85.8
987,0.8,2.0,4.4,168.5,12.0530956213,107.1
988,0.7000000000000001,3.2,3.7,212.0,32.1780968764,97.4
989,0.8,2.3,6.5,245.4,14.8979065058,78.6
990,0.6000000000000001,2.2,2.9,230.7,46.644314537,128.7
991,0.7000000000000001,2.8,5.0,279.2,16.6196649647,71.0
992,0.8,2.6,4.2,170.6,49.3250465712,87.0
993,0.6000000000000001,2.2,7.5,297.1,9.8401279461,39.0
994,1.1,2.6,4.1,156.5,21.8024529555,80.9
995,0.8,2.6,2.9,185.5,30.6203950491,96.1
996,0.9,2.6,4.4,181.1,25.0790849076,85.3
997,0.7000000000000001,2.0,7.4,301.3,13.2064804159,80.9
998,0.5,2.3,5.1,263.4,25.8285907897,65.9
999,1.1,2.3,5.0,156.8,28.8725900023,82.2
1000,0.8,2.4,8.6,285.5,15.2411752173,85.5
1001,0.7000000000000001,3.5,11.0,472.4,15.8268370955,54.3
1002,1.0,2.7,7.4,162.8,23.2597453084,100.0
1003,0.6000000000000001,2.4,7.0,233.4,10.3618548978,74.5
1004,1.1,2.6,13.7,162.9,25.5264468255,80.6
1005,0.7000000000000001,3.3,3.9,214.2,48.5292784777,98.4
1006,1.0,2.2,6.2,144.9,22.6760894833,83.1
1007,0.6000000000000001,2.6,2.7,282.1,28.5345263848,110.4
1008,0.5,2.6,2.2,201.4,24.1453079483,52.4
1009,0.6000000000000001,2.0,5.9,242.1,12.3971035773,64.9
1010,0.4,2.2,2.9,262.4,26.4846833235,67.8
1011,0.8,2.4,6.0,240.5,11.8428703928,65.9
1012,1.2,2.5,5.7,192.5,24.931992555,80.4
1013,0.8,3.1,5.3,259.8,28.8608447396,80.0
1014,0.8,3.2,4.2,224.5,37.2942302158,95.0
1015,0.4,2.7,3.0,196.0,21.4247972317,106.9
1016,0.9,2.1,3.6,147.5,9.4009147661,64.7
1017,0.8,3.0,3.8,217.4,32.6825457852,108.3
1018,0.8,2.0,5.0,201.4,12.1028645582,107.1
1019,1.1,2.3,4.0,196.9,32.650043745,102.1
1020,0.7000000000000001,2.3,3.9,174.6,35.3319297422,109.1
1021,1.3,2.5,7.9,175.2,24.7306112617,111.1
1022,1.2,2.9,4.6,186.3,22.9183487159,128.0
1023,1.2,2.2,4.9,146.1,20.2987771664,89.9
1024,1.0,3.0,5.3,199.6,22.2215516111,90.5
1025,0.8,2.7,8.3,290.0,27.122097919,56.3
1026,0.9,2.5,4.1,227.0,23.7431367325,92.5
1027,0.4,2.0,2.5,205.4,17.3853537995,93.0
1028,0.8,1.9,1.6,188.2,25.1656947836,66.9
1029,1.0,2.5,3.8,140.8,10.2696884197,64.5
1030,0.7000000000000001,3.1,4.0,238.7,23.9577876805,111.8
1031,1.0,2.1,5.7,190.3,29.3151111737,101.7
1032,1.0,2.6,4.7,200.0,31.4373116407,76.6
1033,0.8,2.0,5.4,173.4,11.9842921489,125.5
1034,0.8,2.4,8.0,259.7,11.0115276189,79.0
1035,0.9,2.8,4.6,232.4,37.6491138878,80.4
1036,0.6000000000000001,2.8,8.2,371.8,17.1899300256,59.0
1037,0.8,2.3,3.1,196.1,31.8262214386,78.4
1038,0.9,2.5,5.1,170.2,18.3586878694,70.0
1039,0.7000000000000001,2.8,3.2,237.9,18.7094669852,113.1
1040,0.7000000000000001,2.6,4.0,248.6,29.9305167094,91.0
1041,0.6000000000000001,2.7,3.4,176.1,25.223264304,96.1
1042,0.8,2.1,5.8,269.9,19.9813257372,67.7
1043,1.2,2.4,11.1,179.9,24.6411087537,81.8
1044,1.1,2.4,5.4,224.8,25.483920422,71.8
1045,1.1,2.5,5.8,180.6,19.8587173302,83.2
1046,0.7000000000000001,2.8,2.7,151.6,38.7351774884,88.7
1047,0.8,2.0,1.7000000000000002,209.9,26.2141659131,62.5
1048,0.7000000000000001,2.4,3.4,181.6,62.1723652117,106.7
1049,1.1,2.8,5.2,213.5,24.3467687854,73.3
1050,0.7000000000000001,2.6,4.1,167.9,34.3313129955,107.1
1051,1.1,2.7,5.3,168.9,23.0920779602,86.9
1052,1.1,2.6,5.7,265.2,38.6053993771,91.2
1053,0.9,4.0,12.0,396.1,23.2042478606,48.7
1054,0.6000000000000001,2.1,7.1,219.5,11.7761828139,74.5
1055,1.2,2.9,9.3,235.1,30.704938958,114.2
1056,1.0,2.7,4.6,234.3,9.0780979039,71.4
1057,1.1,2.2,3.3,180.1,21.1856202735,75.3
1058,1.0,2.6,4.1,205.3,7.6904334188,69.6
1059,0.8,2.8,3.5,190.9,39.3676292461,128.3
1060,0.8,3.4,8.8,171.9,20.0562250547,92.8
1061,0.9,3.3,6.9,201.7,58.3068078318,85.1
1062,0.9,2.0,6.0,240.4,13.291363666,52.4
1063,0.8,2.4,2.2,202.1,40.5054989907,79.1
1064,0.5,2.4,6.1,274.1,73.7617312394,84.7
1065,0.5,2.2,6.7,211.1,10.2110007035,69.8
1066,0.8,2.5,4.4,233.5,44.4551154564,116.6
1067,1.2,2.4,4.0,160.3,18.9426591191,93.0
1068,0.9,2.4,4.2,159.8,24.2551990309,84.0
1069,0.6000000000000001,2.8,3.4,309.3,43.6862639573,123.6
1070,0.8,2.5,4.7,225.7,10.0028160649,64.2
1071,0.6000000000000001,2.8,7.5,270.9,13.8812366978,79.1
1072,1.3,2.7,7.8,241.9,30.5290160627,92.0
1073,0.8,2.0,8.0,275.0,9.9838120649,75.8
1074,1.3,2.5,7.0,158.2,18.5524047998,89.6
1075,0.9,2.2,2.7,132.1,23.4237361383,87.9
1076,0.8,3.4,3.9,246.1,32.1375678717,114.9
1077,0.8,2.6,4.2,231.8,10.5826057851,63.5
1078,0.6000000000000001,1.9,1.9,160.9,28.3025571383,61.3
1079,1.0,2.8,3.1,168.3,20.611513396,81.8
1080,0.7000000000000001,2.3,2.3,205.5,37.0986291862,55.7
1081,0.9,3.4,6.6,189.7,18.8554538168,79.5
1082,0.9,3.1,4.9,187.1,21.7062375181,106.6
1083,0.9,1.8,3.9,181.1,13.0767229305,87.7
1084,1.0,2.6,5.2,161.3,19.9383258986,92.9
1085,0.7000000000000001,2.5,5.7,202.3,51.8630990006,100.7
1086,0.9,2.8,6.5,236.8,9.7091364194,65.3
1087,0.5,2.0,2.5,191.8,26.8251759415,74.1
1088,0.8,3.1,3.5,178.0,33.0340090061,100.6
1089,0.9,2.2,7.4,153.5,18.3399394631,83.7
1090,0.6000000000000001,2.8,2.5,221.4,25.9702586363,86.8
1091,1.1,4.3,5.5,197.7,39.3827277905,145.2
1092,0.8,3.1,5.2,205.9,25.9658684205,113.7
1093,0.8,2.9,4.4,199.6,37.9333593362,111.1
1094,0.7000000000000001,2.8,2.5,218.5,25.381926399,96.6
1095,0.9,2.7,4.7,207.9,31.2533279848,132.7
1096,0.8,2.1,2.2,197.8,24.7566321397,66.7
1097,0.8,2.4,4.3,161.6,47.4787367381,88.6
1098,1.3,2.6,6.0,171.9,19.4548132592,98.1
1099,1.3,3.0,5.7,217.4,43.4819947485,94.7
1100,0.8,3.0,3.7,214.3,28.9453558818,120.2
1101,0.9,3.1,4.8,205.2,36.2141737035,130.7
1102,0.5,2.3,5.7,283.9,30.4875601476,38.7
1103,0.6000000000000001,2.9,7.9,267.2,22.8873217836,80.1
1104,0.7000000000000001,2.3,6.0,232.4,10.0963119124,66.6
1105,0.9,2.4,7.4,243.7,25.7947822281,56.6
1106,1.1,2.9,4.3,181.8,21.8240637516,76.6
1107,1.0,2.5,4.6,198.2,15.5505028372,68.6
1108,0.8,2.5,8.8,281.4,12.5357829383,86.5
1109,0.6000000000000001,1.9,6.6,237.7,11.6851845897,74.5
1110,0.7000000000000001,2.0,1.7000000000000002,199.8,42.9418962275,65.9
1111,1.2,3.3,8.9,318.8,33.7654687448,128.4
1112,1.0,2.0,2.1,192.8,32.2244177148,82.1
1113,1.1,2.5,3.6,122.4,9.3945050886,62.1
1114,1.2,2.3,6.9,152.1,22.8623777754,78.5
1115,1.0,2.5,3.7,182.9,11.991262795899999,63.3
1116,0.7000000000000001,3.0,7.6,280.6,12.146008352,36.2
1117,0.8,3.1,7.4,283.7,30.7187206999,79.8
1118,0.5,2.5,7.3,263.8,18.4816225764,77.5
1119,0.8,3.4,7.2,220.7,11.130210440799999,84.6
1120,0.6000000000000001,2.5,6.5,396.9,20.8797073882,32.7
1121,0.8,3.6,5.1,241.6,38.6414105505,129.9
1122,0.5,2.0,1.9,158.5,31.7189489111,64.9
1123,0.9,2.5,5.0,295.3,38.4850432438,113.5
1124,1.2,3.5,8.9,329.5,20.4273100454,126.8
1125,0.7000000000000001,2.8,3.7,216.5,34.5541703974,110.4
1126,0.9,3.0,3.7,163.4,47.6887757643,139.6
1127,0.8,3.2,4.7,229.0,43.6597677991,121.2
1128,0.7000000000000001,3.0,3.4,212.0,19.1634780651,101.4
1129,0.9,3.0,5.4,237.6,23.9778235754,85.7
1130,0.8,3.0,4.0,188.6,44.2426473999,113.4
1131,0.4,2.6,2.4,230.8,28.1260820103,105.6
1132,0.9,2.1,4.5,211.3,11.6276853156,68.4
1133,0.8,2.6,5.1,232.1,28.0973678112,103.7
1134,1.2,2.6,6.2,190.1,18.7697667901,97.8
1135,0.8,3.0,4.1,243.0,23.6483432286,73.4
1136,0.7000000000000001,2.6,2.7,208.9,29.1732468197,112.2
1137,0.7000000000000001,2.7,4.1,190.1,41.5222436009,119.4
1138,1.0,2.5,5.1,202.6,21.7464819235,137.0
1139,1.2,2.4,8.5,177.1,21.7950392696,87.8
1140,0.5,2.8,6.7,263.8,16.0801522036,75.5
1141,0.9,2.9,4.4,264.0,28.3490905851,90.9
1142,0.9,2.7,7.6,280.5,20.185097499,85.4
1143,1.2,2.1,4.4,141.1,22.8898906662,82.1
1144,0.7000000000000001,2.8,5.3,288.8,78.4168935883,82.4
1145,0.5,2.1,5.7,422.3,14.297217432,27.3
1146,0.7000000000000001,2.6,3.3,244.5,28.6876115609,102.7
1147,0.9,1.9,4.6,185.8,8.8407990528,92.4
1148,1.3,3.1,6.5,308.4,32.9139672901,144.3
1149,0.7000000000000001,2.6,5.1,236.1,11.3497848445,123.6
1150,1.0,2.4,3.9,166.7,22.590048986,77.0
1151,0.8,1.9,1.8,162.7,23.9385820349,75.6
1152,0.7000000000000001,3.0,4.9,334.6,64.4604671048,68.3
1153,0.9,1.9,4.0,168.8,11.55786606,92.1
1154,0.8,3.0,5.4,271.0,36.3170150092,87.4
1155,1.2,2.6,6.7,185.6,20.2656276828,116.8
1156,1.2,2.9,6.1,222.1,39.2587669731,93.2
1157,0.7000000000000001,2.3,4.0,232.6,15.0807976685,108.3
1158,0.9,4.1,7.1,203.8,17.0792961034,81.0
1159,0.8,3.3,5.0,219.4,40.5847750605,127.5
1160,1.0,2.3,4.5,134.6,27.3053361377,81.3
1161,0.7000000000000001,2.7,4.1,196.7,56.6266158763,98.5
1162,1.0,2.2,5.0,179.6,32.2427277383,60.7
1163,1.0,2.6,4.8,230.6,27.8257238965,151.6
1164,0.7000000000000001,3.0,5.2,178.9,23.5233307396,124.2
1165,0.6000000000000001,2.3,3.8,178.9,48.7612158748,106.6
1166,0.7000000000000001,2.6,3.1,258.2,40.018939408,134.8
1167,0.8,3.6,7.7,253.2,38.2669791559,67.4
1168,0.8,2.3,5.2,216.4,11.3826817322,75.0
1169,0.8,2.2,7.7,331.3,12.5822434048,83.4
1170,0.8,2.3,2.0,231.0,34.967111822,82.9
1171,0.8,2.8,4.6,250.5,11.3172536748,68.1
1172,0.8,2.2,5.0,167.9,9.0734416802,57.5
1173,1.0,3.0,7.6,291.9,19.7262059872,93.5
1174,0.8,2.4,6.9,252.6,11.661904539,76.7
1175,0.8,2.2,3.4,143.4,10.2652130975,58.3
1176,0.6000000000000001,2.2,2.5,254.1,53.756840168,80.6
1177,0.6000000000000001,2.6,6.4,330.3,10.9198888163,68.0
1178,1.2,2.3,3.8,170.3,23.9616573932,88.2
1179,0.9,2.8,4.1,214.3,32.4716655461,131.2
1180,1.1,2.5,4.1,187.7,21.4211423464,90.2
1181,1.0,2.4,4.8,170.2,21.406336871,75.4
1182,0.9,2.4,2.4,193.2,24.5988547659,78.5
1183,0.5,2.6,2.5,214.8,26.4958369289,63.4
1184,0.7000000000000001,2.5,2.6,223.9,33.1048262313,97.4
1185,0.7000000000000001,2.7,3.3,203.6,32.1705583239,102.4
1186,0.6000000000000001,2.4,6.2,357.6,24.6554940861,92.2
1187,1.2,2.4,10.9,166.1,28.1021315372,108.3
1188,1.2,2.7,5.3,179.7,23.89428667,93.1
1189,1.3,2.5,9.5,179.8,19.833088023,102.9
1190,0.7000000000000001,1.9,4.3,203.5,12.8083103625,127.6
1191,0.8,2.1,4.6,167.1,12.3803226895,99.4
1192,0.5,2.5,2.0,254.0,33.5643812509,111.5
1193,1.3,2.7,5.3,166.9,19.0982153282,111.1
1194,1.0,2.0,3.5,137.9,11.2686200187,63.8
1195,0.8,2.6,4.2,215.2,46.5654140123,112.0
1196,0.7000000000000001,2.7,2.7,193.8,17.9123743273,62.2
1197,1.1,2.6,5.2,193.2,38.6604166786,153.8
1198,0.7000000000000001,2.4,2.7,220.8,29.4374818318,85.4
1199,1.2,2.3,5.5,150.3,18.639129531400002,103.5
1200,1.1,2.9,7.8,252.0,30.0302238256,80.5
1201,0.8,2.4,3.4,223.5,30.5767701314,101.5
1202,0.8,2.6,5.2,408.0,31.2409426324,111.5
1203,0.5,2.4,6.1,274.1,73.7617312394,84.7
1204,1.1,2.6,5.8,186.4,32.4699215332,92.6
1205,0.8,2.6,3.9,266.0,60.9672816961,156.6
1206,0.4,2.5,2.1,239.7,27.7532088179,86.3
1207,0.7000000000000001,2.3,2.3,273.1,26.338178268,84.5
1208,1.0,3.2,4.5,353.7,38.7217424052,116.1
1209,0.5,2.1,1.6,181.6,15.7656532527,78.7
1210,0.9,2.9,6.5,267.6,14.3410848802,72.3
1211,0.8,2.2,7.7,232.1,13.3648063302,60.8
1212,0.8,1.9,2.2,222.3,27.0066035234,76.6
1213,0.4,2.0,3.1,193.2,24.8142355304,110.7
1214,0.8,2.6,3.1,203.3,31.5122485597,86.4
1215,0.9,4.3,4.3,479.9,33.7722751374,41.8
1216,1.1,2.5,7.0,171.6,23.7559252513,81.5
1217,0.8,3.9,8.7,376.2,19.7720536399,64.6
1218,0.9,3.2,6.4,194.7,13.6782949458,59.6
1219,0.6000000000000001,2.4,6.2,313.4,14.042670278,77.7
1220,0.9,2.2,4.1,178.4,26.5311269089,58.0
1221,1.0,2.7,5.5,230.4,42.1016026913,111.8
1222,0.7000000000000001,2.5,3.0,204.1,24.8910553759,117.0
1223,0.9,2.1,5.8,204.7,13.8167985895,101.6
1224,0.8,2.2,1.9,227.2,30.8011619548,72.7
1225,1.1,2.7,4.3,180.7,15.4662730435,67.1
1226,0.8,3.0,3.9,301.5,18.4142560971,102.8
1227,1.1,2.3,5.4,176.7,28.6890416649,62.1
1228,0.5,2.3,2.1,244.6,24.478883448,61.2
1229,1.4,3.3,9.6,245.3,29.0393445666,100.8
1230,1.5,2.9,5.3,292.2,34.9688487468,145.8
1231,0.8,2.0,1.8,229.6,44.5625063426,66.7
1232,0.7000000000000001,1.9,2.0,161.0,38.1020912697,83.7
1233,0.9,2.5,3.3,214.5,26.6460375607,114.8
1234,0.9,2.4,5.6,168.4,25.2779050645,88.0
1235,0.7000000000000001,2.0,4.2,190.4,9.7369402502,117.9
1236,1.0,2.4,6.2,151.5,21.7213283244,95.7
1237,0.7000000000000001,2.7,4.0,233.1,26.8213414392,130.3
1238,1.1,3.1,5.5,199.8,34.5126339704,151.8
1239,0.9,2.6,4.1,188.8,22.5850616779,84.9
1240,0.4,2.2,2.8,204.5,42.8602989521,106.5
1241,0.8,2.5,6.2,264.9,14.381072376,66.2
1242,0.7000000000000001,2.6,3.6,163.4,22.2733139117,94.0
1243,0.8,2.5,6.9,273.5,23.7033981233,64.0
1244,1.3,2.4,3.5,111.6,10.9762546374,71.0
1245,0.7000000000000001,2.4,3.6,216.8,33.3768548642,105.9
1246,0.6000000000000001,1.9,4.3,195.7,18.655221715,96.9
1247,0.8,2.6,5.1,221.3,14.6200340564,64.1
1248,0.7000000000000001,2.0,4.5,174.2,15.2749666719,104.8
1249,0.7000000000000001,1.9,3.6,182.1,9.366418382,97.2
1250,1.0,2.6,5.1,209.1,41.4289808431,75.9
1251,0.6000000000000001,2.4,6.3,247.7,8.8454693151,69.0
1252,1.0,2.9,6.2,269.6,16.9581236993,83.3
1253,0.6000000000000001,2.6,2.6,199.7,23.2936288995,95.3
1254,0.5,2.3,2.7,225.1,24.6283294885,63.4
1255,1.0,2.3,4.5,192.3,21.7172681168,95.7
1256,0.7000000000000001,3.4,3.2,168.3,32.7305367277,147.8
1257,0.9,3.6,8.6,387.8,30.755033807,67.5
1258,0.9,4.0,9.7,442.8,18.9645311184,61.7
1259,1.0,3.2,5.0,205.3,31.7877153912,73.5
1260,0.5,2.1,6.4,309.9,8.831189866,39.5
1261,0.6000000000000001,2.4,6.2,260.4,11.7947698699,77.8
1262,0.7000000000000001,2.2,5.8,262.1,21.1540564982,141.4
1263,0.4,1.9,2.9,177.9,26.2607767181,90.0
1264,1.0,2.6,6.2,213.9,21.8806673167,100.1
1265,0.6000000000000001,3.1,4.2,176.8,28.2574635524,105.6
1266,0.8,2.3,6.6,246.0,16.0170414647,79.0
1267,0.7000000000000001,3.6,3.8,269.2,31.6369788643,117.4
1268,1.1,2.3,3.9,173.2,12.0709468415,62.3
1269,0.9,2.7,5.7,378.4,15.5660883839,79.6
1270,0.4,2.1,2.5,194.8,22.2903212329,91.2
1271,0.6000000000000001,2.4,2.9,216.0,28.9711972543,100.9
1272,0.7000000000000001,3.3,8.1,351.2,20.3017661983,57.9
1273,1.1,2.3,3.7,175.8,16.5067920503,86.6
1274,0.7000000000000001,2.3,2.1,192.2,19.7892716537,69.8
1275,0.9,2.7,3.1,159.7,39.7116534951,100.6
1276,1.2,3.1,4.9,177.5,19.726118303,86.4
1277,0.9,2.7,5.5,233.9,19.953429085,95.8
1278,1.2,2.9,6.7,164.2,18.5732097095,105.4
1279,0.6000000000000001,2.5,7.2,276.9,12.8276725308,67.5
1280,0.6000000000000001,2.6,3.5,198.4,33.2394699927,91.1
1281,0.6000000000000001,2.0,1.9,418.2,69.4418512504,67.5
1282,0.8,2.8,5.4,185.0,17.861625946,81.4
1283,0.7000000000000001,2.9,3.2,195.3,29.5832236769,106.6
1284,1.1,3.8,9.0,222.4,31.9196855345,96.3
1285,0.6000000000000001,3.0,5.7,431.7,17.0410822462,57.8
1286,1.0,2.6,5.8,197.4,17.8677182734,113.9
1287,1.3,3.6,4.8,362.1,21.6199194482,116.6
1288,1.3,2.9,4.9,163.0,13.595298264,71.7
1289,0.4,1.8,2.9,176.8,23.1082993917,104.0
1290,0.6000000000000001,1.8,4.5,193.8,12.553847859,87.7
1291,0.8,3.0,4.7,216.8,93.5774184662,118.7
1292,0.7000000000000001,2.2,2.6,243.3,22.5327820701,81.9
1293,1.1,2.4,3.7,135.4,10.6760036755,66.0
1294,0.8,2.6,3.6,172.3,24.7750110601,80.1
1295,1.2,2.8,8.5,173.5,25.6983339039,77.8
1296,0.9,2.5,3.2,191.3,36.9489487523,107.5
1297,1.0,2.7,6.3,177.1,25.9980104983,109.2
1298,0.8,2.1,2.6,189.9,96.8092647002,57.9
1299,1.2,2.9,9.1,235.8,39.3403926727,102.0
1300,0.9,2.7,4.8,195.2,17.6549472435,84.7
1301,1.0,2.2,7.6,133.3,22.7581542179,85.9
1302,1.1,2.3,3.8,175.4,17.5966043662,87.7
1303,0.7000000000000001,1.8,5.0,159.8,12.578808565,115.4
1304,0.4,1.6,2.6,184.7,34.3341237424,114.8
1305,1.1,2.7,4.2,165.7,25.8918942699,89.9
1306,0.4,1.9,2.7,182.5,25.527722269,83.0
1307,0.9,2.7,3.7,153.8,11.2100287736,59.8
1308,0.6000000000000001,1.8,2.8,188.6,13.2882736656,87.8
1309,0.30000000000000004,2.7,3.0,219.6,44.1677886054,75.9
1310,0.8,2.0,5.8,176.6,13.695722053,121.9
1311,1.0,2.8,7.4,236.8,29.6990295022,73.7
1312,0.5,2.4,3.0,203.8,25.8686919684,87.0
1313,0.4,2.9,5.0,215.4,64.2444827153,75.8
1314,1.0,2.4,3.9,214.7,43.031632901,99.9
1315,0.7000000000000001,2.5,3.0,227.3,16.5630161425,84.6
1316,0.8,2.1,4.0,179.7,67.609193789,65.3
1317,1.2,2.9,6.3,180.4,19.6402095516,103.1
1318,1.2,2.1,3.3,181.4,22.5308917596,91.7
1319,0.6000000000000001,2.2,3.1,206.7,31.7138128661,111.3
1320,1.0,3.8,8.4,217.3,18.867219672,104.0
1321,0.8,2.1,8.2,238.1,9.3894580561,61.9
1322,1.6,3.2,5.9,352.4,33.4832023272,141.1
1323,0.6000000000000001,2.0,2.2,257.3,18.6582519004,83.3
1324,0.9,1.9,4.8,144.2,20.5128457709,103.6
1325,0.8,2.9,5.3,238.8,54.9116825634,87.0
1326,0.8,2.8,4.7,209.3,33.5907978309,116.1
1327,1.1,2.7,4.2,183.4,21.2681627545,96.1
1328,0.8,2.5,4.0,222.7,22.7620017612,83.6
1329,0.7000000000000001,2.4,3.5,244.8,19.8967331189,87.7
1330,0.6000000000000001,2.4,1.9,189.2,39.9982381196,81.3
1331,1.3,2.5,5.4,248.3,29.7193829261,133.3
1332,1.1,2.7,5.5,221.7,35.3884852411,94.4
1333,0.8,2.9,3.5,226.8,34.6317377291,113.6
1334,1.2,2.5,7.1,166.1,17.887930523,89.6
1335,0.6000000000000001,1.9,4.5,171.9,12.3828584641,99.2
1336,0.7000000000000001,3.0,3.5,216.4,38.4573642607,93.4
1337,0.7000000000000001,2.2,3.4,190.9,32.5539331454,94.8
1338,0.8,2.8,3.5,258.1,26.5255014327,115.2
1339,0.8,3.4,4.0,243.9,36.7366267815,129.4
1340,0.8,3.1,5.1,175.9,34.7528585125,105.8
1341,0.4,2.2,2.6,212.4,33.4006342041,109.8
1342,1.0,2.3,3.8,181.7,23.9771677212,69.4
1343,0.8,2.5,6.8,268.0,11.6300728402,83.5
1344,0.9,2.5,5.6,198.7,60.2061675394,91.9
1345,1.1,2.4,8.0,193.7,20.926039339,121.0
1346,0.4,1.8,1.9,168.0,29.9552742516,86.0
1347,0.5,1.9,3.6,211.7,21.328726047,92.2
1348,0.8,2.2,4.5,258.7,15.9091532608,56.4
1349,0.6000000000000001,2.4,4.7,267.9,12.5022168092,56.9
1350,1.1,2.9,4.9,226.7,25.308894832,78.9
1351,0.8,2.4,1.9,225.7,29.7495787952,63.8
1352,0.8,2.7,3.3,176.2,38.0922063386,105.4
1353,0.8,2.7,4.6,204.7,13.5712762348,81.1
1354,0.7000000000000001,3.6,7.6,230.1,27.3803707725,62.8
1355,0.5,1.8,1.9,192.5,25.6465557908,75.3
1356,1.2,2.9,4.1,206.5,23.0290557677,97.4
1357,1.1,3.0,7.4,334.5,23.8858224211,81.7
1358,0.7000000000000001,2.1,4.0,189.8,45.2450871915,80.1
1359,0.7000000000000001,2.3,4.0,213.9,29.0910832322,119.3
1360,0.7000000000000001,2.8,3.5,193.7,34.6260782304,99.5
1361,0.9,4.1,8.1,204.3,23.2019560989,85.7
1362,1.1,2.5,7.7,159.9,19.9078809878,90.6
1363,1.0,2.1,3.8,195.3,10.4651854671,127.9
1364,0.5,2.1,6.1,253.0,16.6085309584,62.3
1365,0.7000000000000001,2.0,4.6,229.0,10.8116433613,115.0
1366,1.0,3.2,5.9,255.5,57.8427673132,67.2
1367,1.2,3.1,7.3,217.3,40.995367461,93.7
1368,0.5,2.6,5.3,276.0,10.7340177544,51.5
1369,0.9,3.4,5.1,189.3,20.4500969209,107.0
1370,1.3,3.0,9.5,175.8,21.210174194,117.1
1371,1.2,2.5,5.1,148.0,27.4095854561,94.1
1372,1.1,2.6,5.8,201.9,31.8153477687,92.3
1373,1.2,3.7,6.8,207.9,34.1221605726,94.8
1374,0.7000000000000001,2.1,2.3,177.4,32.7518703766,71.9
1375,0.8,2.2,5.0,201.4,13.0955602095,94.7
1376,1.0,2.5,4.0,178.0,10.0920294422,65.0
1377,0.5,3.0,5.9,275.2,27.0163253483,69.3
1378,0.5,2.7,5.0,273.9,12.164402245,43.5
1379,1.0,2.0,4.9,195.9,10.8362342005,121.8
1380,1.2,2.5,3.5,104.5,9.1756715851,73.9
1381,1.1,2.6,4.6,187.0,16.4065396316,64.6
1382,0.7000000000000001,2.5,2.4,171.4,25.9580142227,103.5
1383,0.7000000000000001,2.1,2.8,184.9,30.0216652216,95.7
1384,0.8,2.3,6.4,251.7,17.7819253268,78.6
1385,0.7000000000000001,2.2,2.5,180.0,31.2282097383,78.3
1386,1.1,2.2,7.0,162.8,21.1948461409,77.9
1387,0.6000000000000001,2.6,4.0,185.8,54.60017817,106.7
1388,0.4,1.9,1.8,192.6,20.4346365438,80.7
1389,1.2,2.8,10.7,251.6,31.0889729234,79.2
1390,0.5,2.5,4.1,191.5,38.3864425842,97.5
1391,0.6000000000000001,2.8,6.6,268.7,11.0329143678,84.9
1392,1.1,2.8,4.2,179.3,24.2483804442,89.6
1393,0.7000000000000001,2.2,6.0,272.3,31.186362117,61.4
1394,0.7000000000000001,2.7,3.9,230.5,24.7247953002,108.1
1395,1.2,3.2,7.9,225.1,27.4763013688,119.3
1396,0.6000000000000001,2.5,2.8,194.6,25.5264258802,85.7
1397,0.8,2.6,4.2,236.5,21.9062467739,127.5
1398,0.8,3.0,8.0,281.4,15.9492153874,66.2
1399,0.8,2.3,6.0,393.6,30.3421878648,62.5
1400,0.9,2.4,3.8,142.8,9.9807371501,59.2
1401,0.8,2.1,5.1,218.2,65.1426773311,114.1
1402,0.5,2.9,5.9,254.7,21.0817521949,75.1
1403,1.4,2.7,4.1,177.7,11.8391643169,64.7
1404,0.8,2.1,5.9,292.6,11.8585521995,72.1
1405,1.0,2.9,5.3,243.0,30.1679225724,81.7
1406,0.7000000000000001,2.8,3.7,262.9,41.7307776547,133.4
1407,0.8,2.5,3.0,225.9,34.0512973568,84.1
1408,1.4,2.7,6.7,189.3,27.0182850799,107.6
1409,0.5,2.2,2.3,228.8,30.4812758017,85.8
1410,0.8,2.6,3.6,165.2,10.2429135914,57.0
1411,0.4,2.3,3.2,316.4,34.5759572892,106.6
1412,1.0,2.1,4.4,193.6,9.1477410286,135.7
1413,1.2,3.0,3.7,226.3,39.3884746778,120.2
1414,0.9,2.8,4.2,213.2,49.8240547162,125.5
1415,0.7000000000000001,2.5,5.2,410.4,17.9680897606,56.2
1416,0.8,2.3,5.7,230.3,10.7014184512,79.7
1417,0.6000000000000001,2.5,5.2,236.3,13.7312293866,126.4
1418,0.6000000000000001,2.3,2.8,217.5,33.5754455919,85.2
1419,0.8,2.4,2.6,160.3,41.2385609183,100.1
1420,0.9,3.2,7.0,185.0,12.2181065006,77.5
1421,0.8,2.7,4.7,246.1,9.6314933747,65.8
1422,0.6000000000000001,3.1,6.5,254.8,22.94654881,75.3
1423,0.8,2.0,5.7,180.5,12.4658975225,118.1
1424,0.8,2.4,6.7,234.7,13.0299110553,67.3
1425,0.5,1.9,1.9,197.9,16.1100401899,74.8
1426,0.7000000000000001,2.5,2.9,177.8,24.6403644171,112.4
1427,1.5,2.7,3.7,97.3,11.0490565971,83.1
1428,0.8,4.2,8.1,370.7,41.6583743335,61.4
1429,1.4,2.6,5.0,148.8,15.7717742884,77.7
1430,0.5,2.5,2.5,242.3,33.5457841637,89.9
1431,0.4,2.0,2.2,237.4,31.161237311,77.6
1432,0.8,3.5,13.8,220.4,26.7739195059,79.8
1433,0.9,2.1,4.3,228.4,28.1660100113,73.8
1434,0.7000000000000001,2.5,4.6,197.9,28.425046857,109.8
1435,1.0,2.7,3.9,237.3,22.0398674944,125.2
1436,1.0,2.5,4.2,140.7,13.6033030006,70.5
1437,0.9,4.0,11.5,220.4,34.967672171,91.4
1438,1.0,2.4,4.8,214.0,31.8954553777,97.2
1439,1.1,2.6,4.2,174.3,23.1986703037,91.0
1440,1.1,2.5,6.7,219.1,35.8549531246,61.3
1441,0.8,2.3,8.3,229.5,8.3115836321,59.3
1442,1.1,2.4,3.8,132.8,10.2200355183,69.2
1443,1.2,2.4,3.5,120.1,13.7112904989,72.1
1444,1.0,2.0,3.4,135.5,18.4939052449,85.7
1445,0.7000000000000001,2.0,4.5,198.5,9.8959626956,91.9
1446,1.2,2.5,6.0,250.7,29.3896747304,42.3
1447,0.8,2.2,4.9,160.9,10.886449945,80.6
1448,0.9,3.1,4.2,209.9,34.0582538578,141.8
1449,1.1,2.8,5.0,210.3,37.9839757562,79.5
1450,1.2,2.8,4.5,189.1,19.8369908956,115.3
1451,1.1,2.2,3.9,157.4,15.6699765584,84.9
1452,1.1,2.3,3.4,114.2,12.7908488654,70.1
1453,0.7000000000000001,2.7,3.8,190.5,61.8255265924,87.7
1454,1.1,2.5,6.5,167.2,27.0477081767,90.0
1455,0.7000000000000001,3.0,8.8,199.0,88.331142716,102.5
1456,0.9,3.6,7.2,229.5,29.1105900095,55.5
1457,0.8,2.6,4.3,208.3,20.4293171956,68.6
1458,0.9,3.3,5.9,326.6,46.317263266,68.5
1459,1.1,2.1,4.6,145.8,28.8900854881,75.3
1460,0.6000000000000001,3.2,7.5,337.5,15.4134984099,66.7
1461,1.1,3.6,5.5,379.3,44.9548985149,67.5
1462,1.2,2.6,10.6,172.6,12.8143264559,84.2
1463,0.8,2.5,4.7,234.4,31.7116221284,77.8
1464,0.8,3.1,4.6,228.5,40.9511471873,116.1
1465,0.4,2.2,2.3,219.6,25.1693518791,51.4
1466,0.7000000000000001,2.9,5.6,221.2,84.7407756668,73.5
1467,0.6000000000000001,2.5,3.1,184.9,61.9698365984,89.3
1468,0.7000000000000001,2.2,2.2,194.0,27.6532571092,70.8
1469,1.2,2.5,4.1,189.5,23.4213919456,83.7
1470,0.8,3.2,14.1,397.9,12.2948652659,67.1
1471,0.9,2.5,5.3,264.1,23.7814540973,109.7
1472,0.8,3.4,11.0,177.8,25.6539346407,91.4
1473,0.6000000000000001,2.0,2.7,185.3,55.0847387244,78.9
1474,1.1,2.4,5.4,127.1,23.8103627509,78.6
1475,0.8,2.9,4.3,192.4,39.1560316905,110.9
1476,1.0,2.4,4.8,136.3,24.0732478965,76.4
1477,0.9,2.2,8.4,259.2,15.6720196189,86.5
1478,0.8,2.7,3.5,196.4,28.9569843607,119.9
1479,0.9,2.2,4.3,176.1,25.5505204884,66.4
1480,0.9,2.8,3.9,193.9,15.4358265993,71.6
1481,0.6000000000000001,3.1,5.2,273.2,19.3720685901,46.8
1482,0.8,2.8,3.3,227.4,45.1855986085,117.1
1483,1.0,3.1,4.8,183.0,28.5845128619,85.4
1484,1.1,3.5,6.5,178.1,19.5448648473,90.6
1485,1.0,2.1,2.4,160.9,61.3145980082,88.5
1486,0.8,2.2,7.7,302.4,11.4956116028,81.2
1487,0.8,2.4,5.9,445.6,14.4883830866,82.8
1488,0.30000000000000004,2.2,2.0,254.1,71.4481125994,91.2
1489,0.7000000000000001,2.2,5.4,245.5,10.8807308453,68.4
1490,0.6000000000000001,2.2,3.1,175.2,35.9357407917,78.4
1491,0.9,2.9,3.9,202.2,37.3938075884,104.8
1492,0.9,2.6,5.2,222.9,23.45471711,97.6
1493,0.9,3.3,11.3,205.4,47.2909225047,78.4
1494,1.5,2.2,3.6,103.4,9.8637143525,67.7
1495,1.1,2.7,5.9,147.4,30.0966221095,75.1
1496,0.9,2.9,3.3,207.2,32.231295904,147.4
1497,0.8,2.6,4.0,193.5,34.0766754007,110.7
1498,0.6000000000000001,1.7000000000000002,1.6,165.2,14.8088885659,68.6
1499,1.2,3.4,9.8,257.5,45.2584429907,87.3
1500,0.8,2.3,2.7,244.9,28.2660321375,80.1
1501,0.6000000000000001,2.5,4.7,219.9,32.6286023582,104.4
1502,0.8,3.8,14.4,249.3,21.7032157758,98.8
1503,1.1,2.7,3.6,124.9,9.2746699928,72.2
1504,0.8,3.2,7.2,158.0,19.2363170191,88.3
1505,1.1,3.0,6.1,165.4,24.2948307692,100.5
1506,1.0,2.8,4.9,255.3,27.5322747688,143.6
1507,0.9,2.9,7.0,296.8,21.5368361962,95.2
1508,0.9,3.4,6.0,175.9,24.2143638913,113.8
1509,0.7000000000000001,2.0,4.0,200.4,14.3437998844,53.9
1510,0.6000000000000001,2.2,2.2,186.5,44.2118181985,91.6
1511,1.2,2.7,6.7,153.0,28.5127035389,91.8
1512,0.7000000000000001,2.0,4.0,186.3,11.5276529908,125.4
1513,0.9,2.8,3.7,201.9,29.5006263586,111.3
1514,1.2,2.6,4.5,180.5,18.2831318099,100.5
1515,0.5,2.4,2.6,222.7,21.9651376445,99.9
1516,1.1,2.5,3.7,121.7,10.4979652206,75.1
1517,0.6000000000000001,2.7,3.5,196.9,51.5266986712,69.7
1518,1.1,2.6,4.4,190.6,15.9527996826,109.1
1519,1.0,2.4,3.4,141.0,25.2381033395,80.2
1520,0.7000000000000001,2.6,2.7,190.5,40.9834652843,96.7
1521,0.7000000000000001,1.7000000000000002,3.3,170.3,11.588667421,110.7
1522,0.9,3.1,5.0,189.1,28.9452364563,121.2
1523,1.0,2.4,7.1,170.9,27.5153786674,79.2
1524,1.0,2.7,7.3,452.7,22.9741216521,148.7
1525,0.7000000000000001,2.1,1.9,202.7,39.7909075384,68.7
1526,0.8,2.9,3.3,186.8,32.5976532833,99.8
1527,0.5,2.6,6.0,179.8,39.8203963006,82.9
1528,0.9,2.2,5.0,226.9,11.9169411665,117.0
1529,0.8,2.3,4.4,234.1,29.9399908335,92.5
1530,1.2,2.7,6.9,177.0,27.1285717048,89.9
1531,0.8,3.1,4.1,199.1,34.1644727741,118.9
1532,1.0,2.4,3.5,138.4,25.5893346359,95.3
1533,1.0,3.5,5.3,253.1,21.6097969626,103.3
1534,0.7000000000000001,2.5,8.2,279.9,19.1297183276,57.5
1535,1.1,2.6,10.2,200.2,28.5710731908,128.3
1536,0.7000000000000001,2.8,4.2,166.5,46.0713574135,96.0
1537,0.5,2.9,5.9,254.7,21.0817521949,75.1
1538,1.3,2.6,4.2,146.5,13.5763360513,69.5
1539,1.1,2.7,6.0,287.5,14.8782191386,92.9
1540,0.9,2.7,3.7,189.2,40.6681807785,99.5
1541,0.8,2.6,2.2,197.4,27.6649204601,74.5
1542,1.0,2.3,5.9,194.0,17.2586052968,112.3
1543,0.5,2.8,6.0,269.4,16.4598109829,69.6
1544,0.7000000000000001,3.0,3.6,240.4,34.7028199771,118.3
1545,0.8,3.3,3.3,209.1,32.0428499235,120.6
1546,1.2,2.4,6.0,145.9,17.2413214375,70.3
1547,0.6000000000000001,2.8,2.1,205.5,48.6280421942,96.1
1548,0.9,2.9,6.9,244.0,18.1473889492,76.8
1549,0.7000000000000001,3.6,7.0,221.3,35.3016779822,83.1
1550,0.7000000000000001,3.1,3.6,232.0,35.7947615796,102.1
1551,1.0,3.0,5.9,196.1,27.8572875533,128.9
1552,0.7000000000000001,3.0,6.7,398.4,13.5532130702,69.0
1553,0.5,2.0,1.9,191.5,34.9403554079,67.6
1554,0.7000000000000001,3.0,3.5,190.8,27.506829109,90.0
1555,1.0,2.1,4.8,197.5,16.440402937,109.7
1556,0.7000000000000001,1.8,5.5,289.7,15.5386965369,70.1
1557,0.6000000000000001,2.9,8.1,300.3,9.337973621,96.3
1558,0.8,2.2,1.9,224.0,24.0633900662,66.9
1559,1.2,2.4,6.7,214.2,33.9652255882,93.4
1560,1.2,2.5,4.8,172.2,20.8224895451,90.0
1561,1.0,2.3,4.5,154.9,15.4977349611,74.1
1562,1.0,2.5,4.0,190.5,24.2049154188,103.0
1563,0.8,3.8,4.9,238.9,13.9931930225,89.2
1564,1.0,2.4,4.3,148.7,12.3374363599,64.9
1565,1.0,2.9,4.5,262.3,19.9130810826,102.3
1566,0.5,2.5,1.9,233.8,56.4599978042,97.8
1567,1.3,2.6,7.0,263.8,39.4188565689,94.2
1568,0.7000000000000001,2.2,4.2,182.0,18.5990408794,118.0
1569,1.9,2.9,5.7,180.1,28.0170648057,94.2
1570,0.9,2.6,3.9,204.9,28.1914335867,92.1
1571,0.9,4.3,9.4,234.7,15.2808069894,94.0
1572,0.7000000000000001,2.9,2.8,212.8,29.3742598636,113.8
1573,1.1,2.1,3.3,150.0,15.5712115377,85.5
1574,1.2,2.5,5.5,170.3,25.3600560472,88.5
1575,1.0,2.4,4.2,154.2,23.5190141984,86.5
1576,1.0,2.4,4.4,192.6,24.8433950394,63.6
1577,0.8,2.8,3.5,222.5,33.4104255917,140.7
1578,0.9,2.7,4.6,257.9,19.5084289264,92.7
1579,1.1,2.5,3.6,174.7,19.3564958232,74.5
1580,0.9,3.3,4.6,204.1,30.6834461063,116.7
1581,0.8,2.2,4.4,163.5,12.4390495731,105.2
1582,1.0,2.7,4.2,166.9,22.5010911647,86.2
1583,0.9,3.4,8.6,351.1,18.5198336728,111.7
1584,0.9,2.4,5.8,233.1,13.986359738200001,84.3
1585,1.4,2.4,3.6,112.8,11.1179391733,69.6
1586,1.1,3.1,3.6,191.1,23.3518851175,96.6
1587,1.1,2.4,6.0,237.7,47.6876508989,89.5
1588,1.0,2.2,4.0,157.2,27.9273213065,84.8
1589,0.7000000000000001,2.2,3.3,202.0,26.2854230494,108.5
1590,0.8,3.3,8.8,292.3,17.987861182,60.0
1591,1.0,2.4,4.1,144.0,24.2161494829,73.7
1592,1.0,1.9,2.6,146.9,14.6809311725,91.0
1593,0.7000000000000001,3.3,4.7,221.6,38.9137487668,104.7
1594,1.3,2.5,6.9,171.3,23.9073289373,106.5
1595,1.1,3.5,9.3,225.2,27.9412179354,92.6
1596,0.5,2.6,2.2,190.5,49.9920378847,93.9
1597,1.1,3.1,6.5,292.4,29.0722006191,77.7
1598,0.7000000000000001,2.8,6.1,467.8,15.8358164772,60.5
1599,1.2,2.4,3.6,113.3,9.3227732759,73.2
1600,0.6000000000000001,2.2,2.4,285.1,36.163923092,68.3
1601,1.0,3.9,11.4,214.6,30.781435707500002,74.5
1602,0.6000000000000001,2.4,7.0,235.6,10.52505102,75.5
1603,0.7000000000000001,2.5,3.4,172.1,37.6436082727,89.3
1604,0.9,3.9,3.6,207.8,47.0516251059,125.5
1605,0.7000000000000001,2.7,6.4,268.7,17.6168080625,79.9
1606,0.7000000000000001,2.5,3.8,226.7,32.8365094829,127.6
1607,1.1,2.3,3.1,201.1,17.6942248182,115.4
1608,1.0,2.8,4.3,230.1,31.0133367247,120.8
1609,1.0,2.5,4.6,307.5,13.6938601884,131.6
1610,0.8,2.8,7.6,271.9,32.1892110316,79.3
1611,0.5,2.6,2.4,251.4,29.8498149686,61.1
1612,0.6000000000000001,3.9,3.0,172.9,28.9622592971,98.9
1613,1.0,2.9,5.9,199.5,15.9022790582,72.7
1614,0.8,2.6,5.9,186.9,28.3588795209,119.8
1615,1.4,3.2,5.9,279.5,30.3730307612,145.2
1616,1.2,2.5,6.0,227.3,29.0187360104,86.5
1617,0.9,2.3,5.1,229.2,13.2000150735,132.3
1618,1.1,2.4,3.5,111.2,13.3305696543,74.9
1619,0.6000000000000001,2.3,7.5,294.6,14.1736814383,51.4
1620,0.8,2.4,4.9,212.2,40.4491107306,79.5
1621,0.7000000000000001,2.4,4.5,177.0,10.2303399188,57.0
1622,0.7000000000000001,2.2,2.3,188.0,20.3342622899,73.2
1623,0.6000000000000001,2.7,5.3,452.8,11.054216587,55.2
1624,0.7000000000000001,2.9,5.0,175.7,24.6931954851,94.6
1625,0.9,2.5,7.5,295.8,11.8646574068,91.9
1626,0.7000000000000001,1.8,3.6,181.2,11.8420419329,120.4
1627,0.4,2.7,2.7,247.0,31.2907933386,110.3
1628,1.2,2.7,6.0,184.1,17.3425664773,110.2
1629,1.3,2.9,3.9,149.7,12.020032008,70.8
1630,0.6000000000000001,2.4,2.2,185.9,55.892588215399996,89.7
1631,0.8,2.7,7.0,242.8,11.9139575251,70.8
1632,0.4,2.7,2.4,284.1,15.3240892831,98.1
1633,0.5,1.8,2.9,230.0,27.2116052536,76.1
1634,0.7000000000000001,3.5,13.0,238.0,13.5522584404,88.8
1635,0.6000000000000001,2.6,3.0,216.6,34.2491192555,88.6
1636,1.0,3.3,5.6,302.7,23.2447192189,76.2
1637,1.1,2.8,7.4,462.6,28.3932917928,152.3
1638,1.1,2.6,4.3,194.5,12.1612160453,66.8
1639,0.7000000000000001,2.5,3.9,235.9,21.151128235,90.1
1640,0.6000000000000001,3.2,5.7,227.6,75.5960379273,84.7
1641,1.0,2.3,4.6,195.5,10.6323503827,99.9
1642,0.8,3.0,4.2,201.8,19.5851497211,86.7
1643,0.6000000000000001,2.1,3.2,232.0,57.3466320363,138.0
1644,0.8,3.8,11.2,267.6,19.1625037827,99.7
1645,1.1,2.4,5.7,230.9,27.5973584227,39.7
1646,0.5,2.6,7.1,392.5,65.3439799013,72.7
1647,0.8,2.6,3.8,186.3,35.6406618897,99.2
1648,0.8,2.2,3.6,160.6,8.7964416897,55.8
1649,1.0,2.0,3.7,138.6,12.585147188,68.0
1650,0.5,2.5,2.1,212.0,25.2118171426,106.0
1651,0.9,2.6,2.9,152.8,31.0680751118,117.1
1652,0.9,2.6,2.5,195.5,26.5579515406,79.9
1653,0.7000000000000001,3.5,11.0,472.4,15.8268370955,54.3
1654,1.2,2.8,5.0,164.6,19.6742973301,71.7
1655,1.2,2.9,4.8,180.3,28.786342780200002,101.0
1656,0.5,2.0,3.5,209.6,19.1315230204,92.8
1657,0.6000000000000001,2.5,6.8,267.1,91.099453427,71.3
1658,0.8,3.7,3.8,248.5,40.7220294466,81.9
1659,1.0,2.3,4.6,219.2,51.589141283000004,78.9
1660,1.1,3.4,7.8,297.0,27.8609654946,94.5
1661,1.1,2.5,8.2,188.4,28.1861678397,85.3
1662,0.8,2.5,6.3,228.5,11.0898011461,61.4
1663,0.5,2.3,3.8,229.6,28.9498921247,116.6
1664,0.7000000000000001,2.8,4.1,207.4,31.2550125643,96.1
1665,0.7000000000000001,2.6,2.3,179.6,32.067107354,71.1
1666,1.1,3.0,5.1,180.0,34.3973414855,85.0
1667,1.0,2.9,6.4,230.4,24.8894836694,79.2
1668,0.8,2.7,3.1,214.7,39.1140558903,94.7
1669,0.7000000000000001,3.1,4.6,196.3,52.4126332354,82.5
1670,1.1,2.5,4.6,183.0,29.538929805,83.4
1671,1.1,2.5,4.9,151.4,29.4211455144,88.7
1672,0.7000000000000001,2.8,3.0,164.4,18.0759198453,142.0
1673,0.8,3.3,5.0,229.3,37.6103402332,100.4
1674,0.9,3.0,4.7,248.1,24.6252940077,75.5
1675,1.1,2.7,3.8,156.7,11.7186332954,67.2
1676,1.0,2.4,3.1,190.9,14.5994312519,76.4
1677,0.7000000000000001,2.4,3.7,193.5,41.0023366991,99.8
1678,0.6000000000000001,2.0,2.5,182.8,21.0681665564,89.4
1679,1.0,2.2,4.5,199.0,12.1926535722,116.4
1680,0.7000000000000001,3.0,3.1,205.9,27.5430134899,104.6
1681,0.6000000000000001,2.7,3.7,164.5,30.4727399159,110.3
1682,1.3,2.6,5.1,156.8,26.164075938,109.6
1683,0.9,2.3,3.9,151.0,11.7289810766,66.2
1684,1.0,2.4,5.4,219.8,41.8726577048,79.0
1685,0.6000000000000001,2.4,2.1,202.8,48.7588421458,53.0
1686,1.0,2.7,3.9,188.0,8.989517443,73.7
1687,1.0,3.6,5.4,319.2,39.8682613183,54.5
1688,0.8,2.7,4.5,227.7,8.7078694222,67.2
1689,0.5,2.2,4.3,263.3,46.9184851836,56.9
1690,0.6000000000000001,2.1,2.2,189.2,16.3659788012,105.5
1691,0.6000000000000001,3.1,5.2,273.2,19.3720685901,46.8
1692,0.8,2.6,3.7,188.1,46.7831290989,100.7
1693,0.8,2.5,3.4,226.6,42.6450635818,123.9
1694,1.1,2.4,3.4,114.1,10.1180245411,71.9
1695,0.9,2.9,6.5,223.3,17.323223341,78.4
1696,0.7000000000000001,1.9,3.8,174.0,12.8930798586,88.3
1697,1.2,2.7,6.7,221.6,31.9904485553,70.5
1698,1.1,2.7,5.9,283.1,41.0221837421,104.6
1699,0.7000000000000001,2.4,3.1,209.5,63.2714333487,100.0
1700,0.5,3.0,2.4,211.2,29.7472526179,119.6
1701,1.2,2.1,4.9,159.1,19.8280850464,87.2
1702,1.0,1.9,2.9,141.1,27.8738631252,75.4
1703,0.8,2.7,2.8,187.0,27.8017702846,83.5
1704,0.7000000000000001,2.2,7.6,354.0,12.863184070500001,53.5
1705,1.1,2.0,4.6,184.8,24.9936180111,79.8
1706,1.3,2.7,5.5,181.3,19.2164864415,100.0
1707,0.9,2.9,4.0,198.1,37.8625544664,112.7
1708,0.7000000000000001,3.1,7.6,183.6,19.8803514184,79.6
1709,0.9,2.1,5.1,153.6,22.9025790436,82.0
1710,1.2,2.6,9.1,239.9,28.7269168921,136.2
1711,1.0,2.8,6.1,147.4,28.227935126,116.2
1712,1.1,3.0,8.6,261.6,26.8062193043,101.4
1713,0.7000000000000001,3.1,2.6,194.7,32.3880808731,76.0
1714,0.6000000000000001,3.5,3.7,188.8,40.3270024624,108.8
1715,0.5,2.1,2.5,237.2,14.7660347207,77.2
1716,0.7000000000000001,2.4,2.1,258.7,56.5875018229,78.6
1717,0.7000000000000001,2.7,4.4,230.3,29.2347902734,113.6
1718,0.5,3.0,5.9,275.2,27.0163253483,69.3
1719,0.6000000000000001,2.3,5.7,232.3,8.3333797642,63.6
1720,0.6000000000000001,1.8,2.1,204.8,35.0784505114,72.1
1721,1.1,2.9,7.2,231.8,23.5918247336,112.2
1722,0.30000000000000004,2.1,2.0,215.1,32.1096714234,76.2
1723,0.9,2.2,3.9,209.5,12.2429021285,123.3
1724,1.1,2.6,4.0,136.1,8.5565630208,69.9
1725,0.9,3.3,3.7,191.3,36.2321743024,122.4
1726,0.9,2.8,4.5,212.9,26.9195992197,72.4
1727,0.7000000000000001,2.3,2.6,178.7,23.1217455889,69.6
1728,0.6000000000000001,2.3,4.3,248.0,34.1694835386,113.6
1729,0.8,3.0,4.1,201.8,32.6371622178,99.7
1730,0.8,2.8,3.2,173.2,48.2143329891,110.3
1731,0.8,2.1,4.7,151.0,26.4746844135,78.7
1732,0.7000000000000001,2.6,2.9,187.0,54.8416421358,87.3
1733,1.3,2.7,10.6,221.2,29.519319887800002,105.2
1734,0.8,2.1,3.6,247.4,20.0630597796,152.5
1735,1.2,2.5,6.8,272.2,22.5444447913,98.2
1736,0.9,2.5,4.0,182.9,32.8491404789,60.5
1737,0.8,2.8,3.6,233.0,34.549223667,109.8
1738,1.4,3.0,7.5,239.3,30.816089465,97.8
1739,1.0,2.4,6.0,230.9,27.1851397199,84.8
1740,1.0,2.1,5.5,181.7,29.8399864057,118.0
1741,0.7000000000000001,2.4,5.9,463.6,12.3388217235,89.4
1742,0.8,2.9,5.1,199.6,69.090730413,121.9
1743,1.2,2.6,4.0,173.7,16.6506915795,88.8
1744,1.1,2.5,6.5,209.2,30.7176626157,87.6
1745,1.0,2.1,5.8,172.0,17.4042003534,76.0
1746,0.6000000000000001,2.4,2.2,189.7,31.7096487981,81.9
1747,0.8,2.9,2.6,282.6,78.8229768737,122.6
1748,1.1,2.2,2.5,158.1,18.709550981,86.7
1749,0.8,2.1,7.4,231.3,13.7185080604,60.8
1750,0.5,2.0,3.2,196.4,22.4032140776,90.7
1751,0.7000000000000001,3.3,7.1,434.6,14.4301346377,54.0
1752,0.9,2.6,4.0,151.6,9.7516715237,66.1
1753,0.8,3.5,4.1,286.6,32.1911023522,124.8
1754,0.9,2.7,3.5,142.4,9.0410673688,73.5
1755,0.5,2.3,1.6,168.1,32.0501931736,67.1
1756,0.9,2.7,3.6,181.5,57.1805473246,99.2
1757,0.8,3.0,3.3,222.5,33.9253650736,77.6
1758,0.7000000000000001,2.7,3.3,225.4,26.5118579013,77.0
1759,0.9,2.4,3.6,213.3,27.9447692506,81.6
1760,0.8,2.8,2.9,189.8,29.9071185681,101.7
1761,1.1,2.8,5.8,277.9,30.9949837079,126.3
1762,0.6000000000000001,2.8,2.9,196.3,26.4587924484,112.0
1763,0.5,2.1,2.6,173.7,20.8692472943,99.5
1764,0.5,2.1,9.0,224.4,9.9895457557,68.8
1765,1.4,3.6,9.6,325.0,27.1238556195,91.5
1766,1.4,2.4,5.2,157.0,34.1308742315,71.0
1767,0.9,2.7,3.7,181.5,26.7718232276,92.4
1768,1.0,1.8,3.6,163.2,9.1459530272,93.7
1769,0.6000000000000001,2.3,3.4,211.6,33.2885023688,75.3
1770,0.7000000000000001,2.4,2.9,192.4,27.020998011,85.9
1771,0.8,2.5,2.1,210.6,17.9135348065,99.7
1772,0.8,2.6,4.6,227.6,43.4135787612,71.7
1773,0.9,3.1,11.6,412.0,12.0006884348,63.8
1774,0.8,2.2,3.8,144.4,11.4477680933,64.3
1775,0.7000000000000001,1.8,3.9,201.3,15.1751888448,110.4
1776,1.0,2.7,4.1,233.6,38.2766692001,75.8
1777,0.8,2.1,2.7,197.1,20.479984902,96.8
1778,1.0,2.2,4.7,160.3,28.6327446651,91.7
1779,0.5,3.0,5.2,287.7,25.8698315905,47.1
1780,0.7000000000000001,2.7,6.2,224.7,9.6144380124,68.0
1781,0.8,2.2,6.6,254.9,10.6175488749,77.4
1782,0.7000000000000001,2.5,2.3,153.2,49.8228928377,157.1
1783,0.7000000000000001,2.0,1.9,175.1,48.981774665,76.6
1784,0.6000000000000001,2.9,4.3,201.2,39.205025653,96.3
1785,0.4,2.4,4.3,240.6,43.6336660145,47.1
1786,1.3,2.3,4.5,141.1,18.9617621829,82.6
1787,0.9,2.1,4.4,149.3,26.6624895969,82.0
1788,0.7000000000000001,2.7,6.4,268.7,17.6168080625,79.9
1789,0.7000000000000001,2.3,2.4,176.6,32.3248615578,88.6
1790,0.9,1.9,3.8,191.0,21.366602894,90.6
1791,1.3,2.6,4.3,140.6,23.6395997893,89.9
1792,1.1,2.0,3.8,137.9,19.6573743548,68.6
1793,0.8,2.5,6.5,228.4,9.5471607655,71.2
1794,0.8,2.1,3.1,201.5,33.5322474617,109.8
1795,0.7000000000000001,2.5,3.6,198.1,35.735081995,108.0
1796,0.9,1.9,4.3,187.6,10.0189130307,95.4
1797,1.1,2.6,4.6,168.2,11.0678975272,71.8
1798,1.0,3.1,6.7,196.3,33.0732750027,106.9
1799,1.2,3.2,7.5,260.8,30.3594439032,100.0
1800,0.8,2.3,6.4,255.5,9.5600765501,75.1
1801,1.2,2.8,4.7,203.2,28.9867338963,110.1
1802,1.0,2.2,3.1,184.8,17.1220706801,85.8
1803,0.8,2.2,1.9,213.1,29.3281799296,82.7
1804,1.0,1.9,4.5,143.0,21.7341025664,75.0
1805,0.7000000000000001,2.1,2.1,236.7,40.9100738677,68.8
1806,1.1,3.5,6.4,300.8,21.2852652035,99.5
1807,1.2,2.4,5.7,164.4,22.9428962533,89.6
1808,0.6000000000000001,2.5,3.2,195.5,61.8354665532,90.3
1809,0.9,2.6,3.1,195.5,29.9965697128,89.4
1810,1.2,2.3,6.6,161.5,27.171481994,84.8
1811,1.1,3.8,6.6,210.0,21.9104013702,109.5
1812,1.2,3.5,10.6,333.9,51.7154173137,85.1
1813,0.6000000000000001,2.6,6.1,236.5,13.7562327038,65.0
1814,0.7000000000000001,2.7,4.3,186.4,21.9624100086,100.8
1815,0.8,2.4,3.4,166.2,57.6499349799,99.2
1816,0.9,2.6,7.2,190.9,23.286355748,102.8
1817,0.7000000000000001,2.7,3.5,228.8,20.1215047884,94.3
1818,1.0,2.5,5.0,243.4,8.5876995092,135.0
1819,1.1,2.4,6.2,154.4,26.6652244062,94.9
1820,0.6000000000000001,2.4,3.6,212.0,54.780107717,108.9
1821,1.0,2.2,5.4,197.5,15.2711644546,111.3
1822,1.1,2.5,6.6,166.0,31.7293637961,86.5
1823,0.7000000000000001,2.4,7.3,309.7,10.0504606473,97.5
1824,0.5,2.7,6.1,255.4,24.3974453486,78.1
1825,1.1,3.3,8.6,298.5,26.1039482377,81.5
1826,1.0,2.5,4.0,216.1,9.4858093671,114.7
1827,0.8,2.0,2.1,254.5,29.8603220029,75.6
1828,1.1,2.4,5.4,159.0,16.101922774,84.4
1829,1.0,2.1,4.1,211.8,11.5344085346,122.3
1830,1.0,2.3,3.9,195.8,28.448417269,69.5
1831,0.8,3.3,4.3,224.0,35.3558586532,124.9
1832,1.1,4.1,6.4,402.2,39.456301495,75.3
1833,0.9,2.6,2.4,203.3,31.1030243841,86.7
1834,0.8,2.6,4.1,211.1,51.9348281726,82.4
1835,0.9,2.9,4.6,222.7,33.2604627689,139.1
1836,1.2,2.4,4.1,128.3,17.762833842,70.1
1837,1.2,2.5,5.0,198.9,16.0382871341,87.2
1838,0.4,2.1,1.6,166.0,23.7350316661,65.7
1839,0.6000000000000001,2.1,2.9,185.7,58.2814915585,96.5
1840,1.2,2.5,6.0,145.3,22.4697772331,80.6
1841,1.3,3.0,7.4,228.0,29.7831697215,93.1
1842,0.9,2.5,4.6,166.5,10.0632127817,68.0
1843,0.7000000000000001,2.8,5.8,413.0,20.6456571339,65.1
1844,0.7000000000000001,2.5,3.6,204.0,32.3253822744,112.1
1845,0.8,3.0,4.1,191.8,36.0638174337,100.6
1846,1.2,2.8,4.6,268.6,28.2627903511,117.5
1847,1.3,2.3,2.1,194.4,21.3856837145,88.5
1848,0.8,2.6,7.5,254.0,31.7602096147,58.7
1849,0.8,2.6,3.3,190.2,57.2346795489,103.5
1850,0.9,2.5,2.2,197.4,16.5960513654,73.1
1851,1.3,2.7,6.7,158.6,22.9641812183,102.6
1852,0.9,1.7000000000000002,1.5,133.8,22.435707001,73.1
1853,0.4,2.2,7.5,422.3,14.1958867388,51.8
1854,0.8,2.0,4.9,161.4,12.3146799358,120.6
1855,1.1,2.8,5.1,306.1,25.1678896093,130.2
1856,0.9,2.6,4.7,232.7,15.1718062258,77.9
1857,0.6000000000000001,2.0,2.4,151.2,17.5986213255,62.1
1858,1.1,2.4,4.6,183.8,16.2860754507,80.6
1859,0.8,3.0,10.1,372.2,13.5321084035,57.8
1860,0.9,2.2,5.3,155.5,22.3132458869,80.7
1861,0.8,2.2,2.6,209.6,20.6233239917,89.2
1862,1.0,2.2,5.3,267.2,10.496168392,132.5
1863,1.0,2.7,4.5,194.6,30.8566356815,95.9
1864,0.7000000000000001,2.3,2.8,173.5,34.757387169,84.8
1865,0.7000000000000001,2.7,2.3,170.3,24.3239322372,73.2
1866,0.6000000000000001,2.7,3.6,208.6,50.7006314912,91.7
1867,0.5,2.1,7.0,239.8,12.7907677067,74.6
1868,0.8,1.9,1.9,230.8,24.1790176101,67.3
1869,0.7000000000000001,2.9,2.3,200.2,33.473814055,104.9
1870,1.1,3.3,8.0,275.1,36.1324562209,113.8
1871,0.6000000000000001,2.6,2.6,225.4,31.7784768498,99.9
1872,0.5,2.4,3.0,204.2,30.8325747315,94.2
1873,0.6000000000000001,2.6,6.1,298.9,10.2464915011,64.3
1874,0.8,1.8,6.0,184.6,10.0986098376,125.3
1875,0.5,2.4,3.1,181.5,36.8441633434,114.9
